/*
SQLyog Professional v12.4.3 (64 bit)
MySQL - 10.1.34-MariaDB : Database - simencrang_kegiatan
*********************************************************************
*/

/*!40101 SET NAMES utf8 */;

/*!40101 SET SQL_MODE=''*/;

/*!40014 SET @OLD_UNIQUE_CHECKS=@@UNIQUE_CHECKS, UNIQUE_CHECKS=0 */;
/*!40014 SET @OLD_FOREIGN_KEY_CHECKS=@@FOREIGN_KEY_CHECKS, FOREIGN_KEY_CHECKS=0 */;
/*!40101 SET @OLD_SQL_MODE=@@SQL_MODE, SQL_MODE='NO_AUTO_VALUE_ON_ZERO' */;
/*!40111 SET @OLD_SQL_NOTES=@@SQL_NOTES, SQL_NOTES=0 */;
CREATE DATABASE /*!32312 IF NOT EXISTS*/`simencrang_kegiatan` /*!40100 DEFAULT CHARACTER SET latin1 */;

USE `simencrang_kegiatan`;

/*Table structure for table `bidang_urusan` */

DROP TABLE IF EXISTS `bidang_urusan`;

CREATE TABLE `bidang_urusan` (
  `id` int(10) unsigned NOT NULL AUTO_INCREMENT,
  `kode` varchar(2) COLLATE utf8_unicode_ci DEFAULT NULL,
  `nama` varchar(255) COLLATE utf8_unicode_ci DEFAULT NULL,
  `created_at` timestamp NULL DEFAULT NULL,
  `updated_at` timestamp NULL DEFAULT NULL,
  `urusan_id` int(10) unsigned DEFAULT NULL,
  PRIMARY KEY (`id`),
  KEY `bidang_urusan_urusan_id_foreign` (`urusan_id`),
  CONSTRAINT `bidang_urusan_urusan_id_foreign` FOREIGN KEY (`urusan_id`) REFERENCES `urusan` (`id`) ON DELETE CASCADE
) ENGINE=InnoDB AUTO_INCREMENT=35 DEFAULT CHARSET=utf8 COLLATE=utf8_unicode_ci;

/*Data for the table `bidang_urusan` */

insert  into `bidang_urusan`(`id`,`kode`,`nama`,`created_at`,`updated_at`,`urusan_id`) values 
(1,'0','Rutin','2018-01-06 00:16:22','2018-01-06 00:16:22',1),
(2,'1','Pendidikan','2018-01-06 00:16:22','2018-01-06 00:16:22',1),
(3,'2','Kesehatan','2018-01-06 00:16:22','2018-01-06 00:16:22',1),
(4,'3','Pekerjaan Umum dan Penataan Ruang','2018-01-06 00:16:22','2018-01-06 00:16:22',1),
(5,'4','Perumahan rakyat dan kawasan pemukiman','2018-01-06 00:16:22','2018-01-06 00:16:22',1),
(6,'5','Ketenteraman, ketertiban umum, dan perlindungan masyarakat','2018-01-06 00:16:22','2018-01-06 00:16:22',1),
(7,'6','Sosial','2018-01-06 00:16:22','2018-01-06 00:16:22',1),
(8,'1','Tenaga Kerja','2018-01-06 00:16:22','2018-01-06 00:16:22',2),
(9,'2','Pemberdayaan perempuan dan perlindungan anak','2018-01-06 00:16:22','2018-01-06 00:16:22',2),
(10,'3','Pangan','2018-01-06 00:16:22','2018-01-06 00:16:22',2),
(11,'4','Pertanahan','2018-01-06 00:16:22','2018-01-06 00:16:22',2),
(12,'5','Lingkungan Hidup','2018-01-06 00:16:22','2018-01-06 00:16:22',2),
(13,'6','Kependudukan dan Catatan Sipil','2018-01-06 00:16:22','2018-01-06 00:16:22',2),
(14,'7','Pemberdayaan Masyarakat dan Desa','2018-01-06 00:16:22','2018-01-06 00:16:22',2),
(15,'8','Pengendalian penduduk dan keluarga berencana','2018-01-06 00:16:22','2018-01-06 00:16:22',2),
(16,'9','Perhubungan','2018-01-06 00:16:22','2018-01-06 00:16:22',2),
(17,'10','Komunikasi dan Informatika','2018-01-06 00:16:22','2018-01-06 00:16:22',2),
(18,'11','Koperasi, Usaha Kecil dan Menengah','2018-01-06 00:16:22','2018-01-06 00:16:22',2),
(19,'12','Penanaman Modal','2018-01-06 00:16:22','2018-01-06 00:16:22',2),
(20,'13','Kepemudaan dan Olahraga','2018-01-06 00:16:22','2018-01-06 00:16:22',2),
(23,'16','Kebudayaan','2018-01-06 00:16:22','2018-01-06 00:16:22',2),
(24,'17','perpustakaan','2018-01-06 00:16:22','2018-01-06 00:16:22',2),
(25,'18','Kearsipan','2018-01-06 00:16:22','2018-01-06 00:16:22',2),
(26,'1','Kelautan dan Perikanan','2018-01-06 00:16:22','2018-01-06 00:16:22',3),
(27,'2','Pariwisata','2018-01-06 00:16:22','2018-01-06 00:16:22',3),
(28,'3','Pertanian','2018-01-06 00:16:22','2018-01-06 00:16:22',3),
(30,'5','Energi dan Sumber Daya Mineral','2018-01-06 00:16:22','2018-01-06 00:16:22',3),
(31,'6','Perdagangan','2018-01-06 00:16:22','2018-01-06 00:16:22',3),
(32,'7','Perindustrian','2018-01-06 00:16:22','2018-01-06 00:16:22',3),
(33,'8','Transmigrasi','2018-01-06 00:16:22','2018-01-06 00:16:22',3),
(34,'1','Penunjang urusan pemerintahan','2018-01-06 00:16:22','2018-01-06 00:16:22',4);

/*Table structure for table `indikator_hasil` */

DROP TABLE IF EXISTS `indikator_hasil`;

CREATE TABLE `indikator_hasil` (
  `id` int(10) unsigned NOT NULL AUTO_INCREMENT,
  `nama` varchar(255) COLLATE utf8_unicode_ci NOT NULL,
  `created_at` timestamp NULL DEFAULT NULL,
  `updated_at` timestamp NULL DEFAULT NULL,
  PRIMARY KEY (`id`)
) ENGINE=InnoDB AUTO_INCREMENT=6 DEFAULT CHARSET=utf8 COLLATE=utf8_unicode_ci;

/*Data for the table `indikator_hasil` */

insert  into `indikator_hasil`(`id`,`nama`,`created_at`,`updated_at`) values 
(1,'Masukan','2018-01-06 00:16:22','2018-01-06 00:16:22'),
(2,'Keluaran','2018-01-06 00:16:22','2018-01-06 00:16:22'),
(3,'Hasil','2018-01-06 00:16:22','2018-01-06 00:16:22'),
(4,'Manfaat','2018-01-06 00:16:22','2018-01-06 00:16:22'),
(5,'Dampak','2018-01-06 00:16:22','2018-01-06 00:16:22');

/*Table structure for table `indikator_kegiatan` */

DROP TABLE IF EXISTS `indikator_kegiatan`;

CREATE TABLE `indikator_kegiatan` (
  `id` int(10) unsigned NOT NULL AUTO_INCREMENT,
  `kode` tinyint(4) NOT NULL,
  `tolak_ukur` varchar(255) COLLATE utf8_unicode_ci NOT NULL,
  `indikator_hasil_id` int(10) unsigned NOT NULL,
  `satuan_id` int(10) unsigned NOT NULL,
  `kegiatan_id` int(10) unsigned NOT NULL,
  `created_at` timestamp NULL DEFAULT NULL,
  `updated_at` timestamp NULL DEFAULT NULL,
  `asb` int(11) DEFAULT NULL,
  PRIMARY KEY (`id`),
  KEY `indikator_kegiatan_indikator_hasil_id_foreign` (`indikator_hasil_id`),
  KEY `indikator_kegiatan_satuan_id_foreign` (`satuan_id`),
  KEY `indikator_kegiatan_kegiatan_id_foreign` (`kegiatan_id`),
  CONSTRAINT `indikator_kegiatan_indikator_hasil_id_foreign` FOREIGN KEY (`indikator_hasil_id`) REFERENCES `indikator_hasil` (`id`) ON DELETE CASCADE ON UPDATE CASCADE,
  CONSTRAINT `indikator_kegiatan_kegiatan_id_foreign` FOREIGN KEY (`kegiatan_id`) REFERENCES `kegiatan` (`id`) ON DELETE CASCADE ON UPDATE CASCADE,
  CONSTRAINT `indikator_kegiatan_satuan_id_foreign` FOREIGN KEY (`satuan_id`) REFERENCES `satuan` (`id`) ON DELETE CASCADE ON UPDATE CASCADE
) ENGINE=InnoDB DEFAULT CHARSET=utf8 COLLATE=utf8_unicode_ci;

/*Data for the table `indikator_kegiatan` */

/*Table structure for table `indikator_sasaran` */

DROP TABLE IF EXISTS `indikator_sasaran`;

CREATE TABLE `indikator_sasaran` (
  `id` int(10) unsigned NOT NULL AUTO_INCREMENT,
  `nama` varchar(255) COLLATE utf8_unicode_ci DEFAULT NULL,
  `sasaran_id` int(10) unsigned NOT NULL,
  `created_at` timestamp NULL DEFAULT NULL,
  `updated_at` timestamp NULL DEFAULT NULL,
  PRIMARY KEY (`id`),
  KEY `indikator_sasaran_sasaran_id_foreign` (`sasaran_id`),
  CONSTRAINT `indikator_sasaran_sasaran_id_foreign` FOREIGN KEY (`sasaran_id`) REFERENCES `sasaran` (`id`) ON DELETE CASCADE
) ENGINE=InnoDB AUTO_INCREMENT=639 DEFAULT CHARSET=utf8 COLLATE=utf8_unicode_ci;

/*Data for the table `indikator_sasaran` */

insert  into `indikator_sasaran`(`id`,`nama`,`sasaran_id`,`created_at`,`updated_at`) values 
(1,'Jumlah Tenaga Kerja Sektor Pertanian',1,'2018-01-06 00:16:23','2018-01-06 00:16:23'),
(2,'Jumlah Tenaga Kerja Sektor Perkebunan',1,'2018-01-06 00:16:23','2018-01-06 00:16:23'),
(3,'Jumlah Tenaga Kerja Sektor Peternakan',1,'2018-01-06 00:16:23','2018-01-06 00:16:23'),
(4,'Jumlah Petani yang baru bergabung di kelompok tani',1,'2018-01-06 00:16:23','2018-01-06 00:16:23'),
(5,'Meningkatnya Jumlah Produksi pangan pada perkebunan besar',2,'2018-01-06 00:16:23','2018-01-06 00:16:23'),
(6,'Meningkatnya jumlah produksi padi',2,'2018-01-06 00:16:23','2018-01-06 00:16:23'),
(7,'Meningkatnya Jumlah produksi jagung',2,'2018-01-06 00:16:23','2018-01-06 00:16:23'),
(8,'Meningkatnya Jumlah produksi kedelai',2,'2018-01-06 00:16:23','2018-01-06 00:16:23'),
(9,'Meningkatnya Jumlah produksi ubi kayu',2,'2018-01-06 00:16:23','2018-01-06 00:16:23'),
(10,'Meningkatnya Jumlah produksi cabe',2,'2018-01-06 00:16:23','2018-01-06 00:16:23'),
(11,'Meningkatnya Jumlah produksi tomat',2,'2018-01-06 00:16:23','2018-01-06 00:16:23'),
(12,'Meningkatnya Jumlah produksi bawang merah',2,'2018-01-06 00:16:23','2018-01-06 00:16:23'),
(13,'Meningkatnya Jumlah produksi daging sapi dan kerbau',2,'2018-01-06 00:16:23','2018-01-06 00:16:23'),
(14,'Meningkatnya Jumlah produksi daging domba dan kambing',2,'2018-01-06 00:16:23','2018-01-06 00:16:23'),
(15,'Meningkatnya Jumlah produksi daging unggas',2,'2018-01-06 00:16:23','2018-01-06 00:16:23'),
(16,'Meningkatnya Jumlah produksi telur ',2,'2018-01-06 00:16:23','2018-01-06 00:16:23'),
(17,'Meningkatnya Jumlah produksi susu',2,'2018-01-06 00:16:23','2018-01-06 00:16:23'),
(18,'Meningkatnya Optimasi Lahan ',2,'2018-01-06 00:16:23','2018-01-06 00:16:23'),
(19,'Cetak lahan sawah/Perluasan Areal Sawah',2,'2018-01-06 00:16:23','2018-01-06 00:16:23'),
(20,'Pengembangan Infrastruktur Pertanian',2,'2018-01-06 00:16:23','2018-01-06 00:16:23'),
(21,'Alat Panen dan  Pasca Panen',2,'2018-01-06 00:16:23','2018-01-06 00:16:23'),
(22,'Alat Mesin Pertanian (Alsintan) Pertanian',2,'2018-01-06 00:16:23','2018-01-06 00:16:23'),
(23,'Sarana prasarana, teknologi pasca panen dan pengolahan hasil perkebunan',2,'2018-01-06 00:16:23','2018-01-06 00:16:23'),
(24,'Pengembangan dan Penguatan Permodalan Kelompok Perkebunan, pertanian dan peternakan',2,'2018-01-06 00:16:23','2018-01-06 00:16:23'),
(25,'Penanganan Kerawanan Pangan',3,'2018-01-06 00:16:23','2018-01-06 00:16:23'),
(26,'Ketersediaan dan Cadangan Pangan',3,'2018-01-06 00:16:23','2018-01-06 00:16:23'),
(27,'Penganekaragaman dan Keamanan Pangan',3,'2018-01-06 00:16:23','2018-01-06 00:16:23'),
(28,'Distribusi dan Akses Pangan',3,'2018-01-06 00:16:23','2018-01-06 00:16:23'),
(29,'Berkembangnya sentra komoditas peternakan :',4,'2018-01-06 00:16:23','2018-01-06 00:16:23'),
(30,'Kawasan Agrisbisnis peternakan (Kagrisnak)',4,'2018-01-06 00:16:23','2018-01-06 00:16:23'),
(31,'Sentra Peternakan Rakyat (SPR) Sapi Potong',4,'2018-01-06 00:16:23','2018-01-06 00:16:23'),
(32,'Sentra Peternakan Rakyat (SPR) Sapi Perah',4,'2018-01-06 00:16:23','2018-01-06 00:16:23'),
(33,'Sentra Peternakan Rakyat (SPR) Domba dan Kambing',4,'2018-01-06 00:16:23','2018-01-06 00:16:23'),
(34,'Sentra Peternakan Rakyat (SPR) ayam Buras',4,'2018-01-06 00:16:23','2018-01-06 00:16:23'),
(35,'Sentra Peternakan Rakyat (SPR) Itik',4,'2018-01-06 00:16:23','2018-01-06 00:16:23'),
(36,'Berkembangnya sentra komoditas Perkebunan :',4,'2018-01-06 00:16:23','2018-01-06 00:16:23'),
(37,'sentra komoditas Karet',4,'2018-01-06 00:16:23','2018-01-06 00:16:23'),
(38,'sentra komoditas Teh',4,'2018-01-06 00:16:23','2018-01-06 00:16:23'),
(39,'Sentra komoditas Kelapa',4,'2018-01-06 00:16:23','2018-01-06 00:16:23'),
(40,'Sentra Komoditas Cengkeh',4,'2018-01-06 00:16:23','2018-01-06 00:16:23'),
(41,'Berkembangnya sentra komoditas hortikultura :',4,'2018-01-06 00:16:23','2018-01-06 00:16:23'),
(42,'Sentra Komoditas Cabe',4,'2018-01-06 00:16:23','2018-01-06 00:16:23'),
(43,'Sentra Komoditas Bawang Merah',4,'2018-01-06 00:16:23','2018-01-06 00:16:23'),
(44,'Sentra Komoditas Manggis ',4,'2018-01-06 00:16:23','2018-01-06 00:16:23'),
(45,'Sentra Komoditas Pepaya',4,'2018-01-06 00:16:23','2018-01-06 00:16:23'),
(46,'Sentra Komoditas Pisang',4,'2018-01-06 00:16:23','2018-01-06 00:16:23'),
(47,'Sentra Komoditas Jambu Kristal',4,'2018-01-06 00:16:23','2018-01-06 00:16:23'),
(48,'Sentra Komoditas Bunga dan Daun Potong',4,'2018-01-06 00:16:23','2018-01-06 00:16:23'),
(49,'Sentra Komoditas Biofarmaka',4,'2018-01-06 00:16:23','2018-01-06 00:16:23'),
(50,'Produk olahan hasil pertanian :',4,'2018-01-06 00:16:23','2018-01-06 00:16:23'),
(51,'Hasil Olahan Padi',4,'2018-01-06 00:16:23','2018-01-06 00:16:23'),
(52,'Hasil Olahan Palawija',4,'2018-01-06 00:16:23','2018-01-06 00:16:23'),
(53,'Hasil Olahan Hortikultura',4,'2018-01-06 00:16:23','2018-01-06 00:16:23'),
(54,'Hasil Olahan Peternakan',4,'2018-01-06 00:16:23','2018-01-06 00:16:23'),
(55,'Pengembangan, Pemasaran dan promosi atas hasil produksi pertanian unggul daerah :',4,'2018-01-06 00:16:23','2018-01-06 00:16:23'),
(56,'Pemasaran dan promosi hasil Pertanian',4,'2018-01-06 00:16:23','2018-01-06 00:16:23'),
(57,'Pemasaran dan promosi hasil Perkebunan',4,'2018-01-06 00:16:23','2018-01-06 00:16:23'),
(58,'Kelembagaan petani :',5,'2018-01-06 00:16:23','2018-01-06 00:16:23'),
(59,'Jumlah Gabungan Kelompok Tani (Gapoktan)',5,'2018-01-06 00:16:23','2018-01-06 00:16:23'),
(60,'Jumlah Pusat Pelatihan Pertanian Perdesaan Swadaya (P4S)',5,'2018-01-06 00:16:23','2018-01-06 00:16:23'),
(61,'Jumlah Koperasi Pertanian (KOPTAN)',5,'2018-01-06 00:16:23','2018-01-06 00:16:23'),
(62,'Jumlah Lembaga Keuangan Mikro (LKM)',5,'2018-01-06 00:16:23','2018-01-06 00:16:23'),
(63,'Jumlah Produksi Perkebunan Rakyat',6,'2018-01-06 00:16:23','2018-01-06 00:16:23'),
(64,'Jumlah Produksi Karet',6,'2018-01-06 00:16:23','2018-01-06 00:16:23'),
(65,'Jumlah Produksi Teh',6,'2018-01-06 00:16:23','2018-01-06 00:16:23'),
(66,'Jumlah Produksi Kelapa',6,'2018-01-06 00:16:23','2018-01-06 00:16:23'),
(67,'Jumlah Produksi Cengkeh',6,'2018-01-06 00:16:23','2018-01-06 00:16:23'),
(68,'Jumlah Produksi Kopi',6,'2018-01-06 00:16:23','2018-01-06 00:16:23'),
(69,'Jumlah Produksi Aren',6,'2018-01-06 00:16:23','2018-01-06 00:16:23'),
(70,'Jumlah Produksi Pala',6,'2018-01-06 00:16:23','2018-01-06 00:16:23'),
(71,'Jumlah Produksi Kakao',6,'2018-01-06 00:16:23','2018-01-06 00:16:23'),
(72,'Jumlah Produksi Perkebunan Besar',6,'2018-01-06 00:16:23','2018-01-06 00:16:23'),
(73,'Jumlah Produksi Karet',6,'2018-01-06 00:16:23','2018-01-06 00:16:23'),
(74,'Jumlah Produksi Teh',6,'2018-01-06 00:16:23','2018-01-06 00:16:23'),
(75,'Jumlah Produksi Kakao',6,'2018-01-06 00:16:23','2018-01-06 00:16:23'),
(76,'Jumlah Produksi Kelapa Sawit',6,'2018-01-06 00:16:23','2018-01-06 00:16:23'),
(77,'Jumlah Produksi Cengkeh',6,'2018-01-06 00:16:23','2018-01-06 00:16:23'),
(78,'Jumlah teknologi pertanian, perkebunan dan peternakan tepat guna',6,'2018-01-06 00:16:23','2018-01-06 00:16:23'),
(79,'Jumlah Tenaga kerja sektor Perikanan',7,'2018-01-06 00:16:23','2018-01-06 00:16:23'),
(80,'jumlah Nelayan',7,'2018-01-06 00:16:23','2018-01-06 00:16:23'),
(81,'Jumlah Pembudidaya Ikan',7,'2018-01-06 00:16:23','2018-01-06 00:16:23'),
(82,'Jumlah Pengolah dan pemasar hasil perikanan',7,'2018-01-06 00:16:23','2018-01-06 00:16:23'),
(83,'Jumlah Nelayan dan Pembudidaya ikan yang  baru bergabung di kelompok tani',7,'2018-01-06 00:16:23','2018-01-06 00:16:23'),
(84,'Meningkatnya Pendapatan Pengolah / Pemasar Ikan',7,'2018-01-06 00:16:23','2018-01-06 00:16:23'),
(85,'Meningkatnya pendapatan nelayan',7,'2018-01-06 00:16:23','2018-01-06 00:16:23'),
(86,'Meningkatnya pendapatan pembudidaya ikan',7,'2018-01-06 00:16:23','2018-01-06 00:16:23'),
(87,'Produksi perikanan tangkap',8,'2018-01-06 00:16:23','2018-01-06 00:16:23'),
(88,'Produksi ikan konsumsi',8,'2018-01-06 00:16:23','2018-01-06 00:16:23'),
(89,'Produksi benih ikan konsumsi',8,'2018-01-06 00:16:23','2018-01-06 00:16:23'),
(90,'Produksi ikan hias',8,'2018-01-06 00:16:23','2018-01-06 00:16:23'),
(91,'Sertifikasi Pembenih Ikan',8,'2018-01-06 00:16:23','2018-01-06 00:16:23'),
(92,'Sertifikasi Pembudidaya Ikan',8,'2018-01-06 00:16:23','2018-01-06 00:16:23'),
(93,'Jenis Produk olahan hasil perikanan',8,'2018-01-06 00:16:23','2018-01-06 00:16:23'),
(94,'Produksi hasil olahan perikanan',8,'2018-01-06 00:16:23','2018-01-06 00:16:23'),
(95,'unit pengolah ikan (UPI)',8,'2018-01-06 00:16:23','2018-01-06 00:16:23'),
(96,'Jumlah UPI yang memiliki izin usaha perikanan (IUP) dan sertifikasi pengolahan hasil (SPh)',8,'2018-01-06 00:16:23','2018-01-06 00:16:23'),
(97,'Jumlah  kelompok yang bermitra',8,'2018-01-06 00:16:23','2018-01-06 00:16:23'),
(98,'Jumlah produk yang diekspor',8,'2018-01-06 00:16:23','2018-01-06 00:16:23'),
(99,'Jumlah pemasar yang sudah diregistrasi',8,'2018-01-06 00:16:23','2018-01-06 00:16:23'),
(100,'Jumlah Koperasi Nelayan',8,'2018-01-06 00:16:23','2018-01-06 00:16:23'),
(101,'Jumlah Koperasi POKDAKAN',8,'2018-01-06 00:16:23','2018-01-06 00:16:23'),
(102,'Jumlah Koperasi  POKLAHSAR',8,'2018-01-06 00:16:23','2018-01-06 00:16:23'),
(103,'Konsumsi perikanan',8,'2018-01-06 00:16:23','2018-01-06 00:16:23'),
(104,'tersedianya penahan gelombang, Tersedianya fasilitas penunjang air bersih, Fasilitas jalan Produksi, Tersedianya tempat berlabuh/ bongkar muat kapal, Tersedianya Pemecah Gelombang',8,'2018-01-06 00:16:23','2018-01-06 00:16:23'),
(105,'Moderenisasi Armada Tangkap, Peningkatan produksi dan Mutu Produksi',8,'2018-01-06 00:16:23','2018-01-06 00:16:23'),
(106,'Sentra Pemasaran Ikan Terpadu',8,'2018-01-06 00:16:23','2018-01-06 00:16:23'),
(107,'Cluster Budidaya',9,'2018-01-06 00:16:23','2018-01-06 00:16:23'),
(108,'Cluster Budidaya laut',9,'2018-01-06 00:16:23','2018-01-06 00:16:23'),
(109,'Cluster pengolahan hasil perikanan',9,'2018-01-06 00:16:23','2018-01-06 00:16:23'),
(110,'Jumlah teknologi perikanan tangkap yang didiseminasikan',9,'2018-01-06 00:16:23','2018-01-06 00:16:23'),
(111,'Teknologi Perikanan Tangkap',9,'2018-01-06 00:16:23','2018-01-06 00:16:23'),
(112,'Teknologi Budidaya ',9,'2018-01-06 00:16:23','2018-01-06 00:16:23'),
(113,'Teknologi pengolahan hasil',9,'2018-01-06 00:16:23','2018-01-06 00:16:23'),
(114,'KUB',9,'2018-01-06 00:16:23','2018-01-06 00:16:23'),
(115,'POKDAKAN',5,'2018-01-06 00:16:23','2018-01-06 00:16:23'),
(116,'POKLAHSAR',5,'2018-01-06 00:16:23','2018-01-06 00:16:23'),
(117,'Rasio penduduk yang bekerja',10,'2018-01-06 00:16:23','2018-01-06 00:16:23'),
(118,'Pencari kerja yang ditempatkan',10,'2018-01-06 00:16:23','2018-01-06 00:16:23'),
(119,'Tingkat Partisipasi Angkatan Kerja',10,'2018-01-06 00:16:23','2018-01-06 00:16:23'),
(120,'Jumlah pencari kerja yang memiliki kompetensi (pelatihan institusional)',10,'2018-01-06 00:16:23','2018-01-06 00:16:23'),
(121,'Jumlah pelatihan kewirausahaan',10,'2018-01-06 00:16:23','2018-01-06 00:16:23'),
(122,'Jumlah pelatihan berbasis kompetensi',10,'2018-01-06 00:16:23','2018-01-06 00:16:23'),
(123,'Jumlah pelatihan berbasis masyarakat',10,'2018-01-06 00:16:23','2018-01-06 00:16:23'),
(124,'Tempat Uji Kompetensi (TUK)',10,'2018-01-06 00:16:23','2018-01-06 00:16:23'),
(125,'Jumlah alumni pelatihan berbasis kompetensi yang mengikuti uji kompotensi',10,'2018-01-06 00:16:23','2018-01-06 00:16:23'),
(126,'Persentase penyelesaian kasus hubungan industrial',10,'2018-01-06 00:16:23','2018-01-06 00:16:23'),
(127,'Jumlah masyarakat Pedesaan dalam memberdayakan Potensi Daerah (Pelatihan Non Institusional)',11,'2018-01-06 00:16:23','2018-01-06 00:16:23'),
(128,'Jumlah KK transmigran yg diberangkatkan pd tahun berjalan',12,'2018-01-06 00:16:23','2018-01-06 00:16:23'),
(129,'Jumlah KK transmigran yg dibina',12,'2018-01-06 00:16:23','2018-01-06 00:16:23'),
(130,'Izin Usaha yang diterbitkan',13,'2018-01-06 00:16:23','2018-01-06 00:16:23'),
(131,'Pelayanan penanaman modal dan Perlindungan Investasi',13,'2018-01-06 00:16:23','2018-01-06 00:16:23'),
(132,'Kenaikan Nilai Realisasi PMDN',13,'2018-01-06 00:16:23','2018-01-06 00:16:23'),
(133,'Kenaikan Nilai Realisasi PMA',13,'2018-01-06 00:16:23','2018-01-06 00:16:23'),
(134,'Jumlah Produk IKM yang berkualitas',14,'2018-01-06 00:16:23','2018-01-06 00:16:23'),
(135,'IKM  produktif',14,'2018-01-06 00:16:23','2018-01-06 00:16:23'),
(138,'Wisatawan Lokal',107,'2018-01-06 00:16:23','2018-01-06 00:16:23'),
(139,'Wisatawan Mancanegara',107,'2018-01-06 00:16:23','2018-01-06 00:16:23'),
(141,'Peningkatan Sarana Prasarana Objek Wisata',102,'2018-01-06 00:16:23','2018-01-06 00:16:23'),
(142,'Jumlah Koperasi yang berkinerja baik',16,'2018-01-06 00:16:23','2018-01-06 00:16:23'),
(143,'Jumlah UMKM  yang berkembang dan berdaya saing',16,'2018-01-06 00:16:23','2018-01-06 00:16:23'),
(144,'Kemitraan antara pengusaha besar dan UKM dalam pemenuhan kebutuhan lokal',16,'2018-01-06 00:16:23','2018-01-06 00:16:23'),
(145,'Terjaminnya ketersediaan bahan kebutuhan pokok masyarakat  dan   barang-barang penting',17,'2018-01-06 00:16:23','2018-01-06 00:16:23'),
(146,'Nilai Ekspor tahun berjalan',18,'2018-01-06 00:16:23','2018-01-06 00:16:23'),
(147,'jumlah temuan barang yang diawasi',18,'2018-01-06 00:16:23','2018-01-06 00:16:23'),
(148,'tertera ulangnya alat Ukur, Takar, Timbang dan Perlengkapannya (UTTP)',18,'2018-01-06 00:16:23','2018-01-06 00:16:23'),
(149,'pembangunan pasar rakyat',19,'2018-01-06 00:16:23','2018-01-06 00:16:23'),
(150,'peningkatan pasar rakyat',19,'2018-01-06 00:16:23','2018-01-06 00:16:23'),
(151,'pengembangan pasar rakyat',19,'2018-01-06 00:16:23','2018-01-06 00:16:23'),
(152,'Jumlah BUMDesa yang berkembang',20,'2018-01-06 00:16:23','2018-01-06 00:16:23'),
(153,'Jumlah Lembaga Usaha Ekonomi Desa yang mandiri',111,'2018-01-06 00:16:23','2018-01-06 00:16:23'),
(154,'kompetensi Pembina seni / Budaya daerah',109,'2018-01-06 00:16:23','2018-01-06 00:16:23'),
(155,'Budaya daerah yang dikembangkan',109,'2018-01-06 00:16:23','2018-01-06 00:16:23'),
(156,'Jumlah group/sanggar kesenian',109,'2018-01-06 00:16:23','2018-01-06 00:16:23'),
(157,'festival seni dan budaya',109,'2018-01-06 00:16:23','2018-01-06 00:16:23'),
(158,'Sarana penyelenggaraan seni dan budaya',109,'2018-01-06 00:16:23','2018-01-06 00:16:23'),
(161,'Pemuda produktif',110,'2018-01-06 00:16:23','2018-01-06 00:16:23'),
(162,'Lembaga pemuda',110,'2018-01-06 00:16:23','2018-01-06 00:16:23'),
(163,'Penciptaan dan Penumbuhan entrepreuner baru',110,'2018-01-06 00:16:23','2018-01-06 00:16:23'),
(164,'Olahraga berprestasi',23,'2018-01-06 00:16:23','2018-01-06 00:16:23'),
(165,'Sarana prasarana olahraga',23,'2018-01-06 00:16:23','2018-01-06 00:16:23'),
(166,'Penyediaan GOR di setiap Eks Kewedanaan',23,'2018-01-06 00:16:23','2018-01-06 00:16:23'),
(167,'Pelaksanaan Pengajian Aparatur (Majelis Ta\'lim Aparatur)',24,'2018-01-06 00:16:23','2018-01-06 00:16:23'),
(168,'Penguatan Lembaga Keagamaan',24,'2018-01-06 00:16:23','2018-01-06 00:16:23'),
(169,'Rakoor lembaga keagaam Kabupaten dan Kecamatan',24,'2018-01-06 00:16:23','2018-01-06 00:16:23'),
(170,'Penyelenggaraan pengembangan Pendidikan Islam di sekolah',24,'2018-01-06 00:16:23','2018-01-06 00:16:23'),
(171,'Gerakan Sukabumi Mubarokah',24,'2018-01-06 00:16:23','2018-01-06 00:16:23'),
(172,'Penyelenggaraan hari besar Islam dan hari besar lainnya',24,'2018-01-06 00:16:23','2018-01-06 00:16:23'),
(173,'Penyelenggaraan Idul Fitri dan Idul Adha',24,'2018-01-06 00:16:23','2018-01-06 00:16:23'),
(174,'Penyelenggaraan Pemulangan dan Pemberangkatan Jamaah Haji',24,'2018-01-06 00:16:23','2018-01-06 00:16:23'),
(175,'Apresiasi Ilmu, Seni dan Olahraga Santri Pontren, Pendidikan Diniyah dan Pendidikan Al-Quran',24,'2018-01-06 00:16:23','2018-01-06 00:16:23'),
(176,'Penyelenggaran MTQ Tingkat Desa, Kecamatan, Kabupaten, Provinsi dan Nasional',24,'2018-01-06 00:16:23','2018-01-06 00:16:23'),
(177,'Penguatan Pendidikan Keagamaan pada Pontren, Pendidikan Diniyah, dan Pendidikan Al qur\'an',24,'2018-01-06 00:16:23','2018-01-06 00:16:23'),
(178,'Pendataan dan Pemakmuran Lembaga Keagamaan Islam berbasis IT',24,'2018-01-06 00:16:23','2018-01-06 00:16:23'),
(179,'Pembangunan dan Pemeliharaan Aset Keagamaan Islam (Pusbangdai dan Asrama Haji Kabupaten Sukabumi, Masjid Agung Palabuhanratu, Gedung Islamic Centre Cisaat (GICC), Masjid Raya Cibadak)',24,'2018-01-06 00:16:23','2018-01-06 00:16:23'),
(180,'Pengawasan langsung Kamtibmas dan Kerja sama intelkam',25,'2018-01-06 00:16:23','2018-01-06 00:16:23'),
(181,'jumlah Kegiatan pembinaan LSM, OKP/Ormas yang terdaftar dan aktif di Kabupaten Sukabumi',26,'2018-01-06 00:16:23','2018-01-06 00:16:23'),
(182,'jumlah kegiatan pendidikan/pembinaan politik daerah',27,'2018-01-06 00:16:23','2018-01-06 00:16:23'),
(183,'Jumlah kegiatan Patroli Pemeliharaan Tibum Tranmas',28,'2018-01-06 00:16:23','2018-01-06 00:16:23'),
(184,'Jumlah kegiatan pengamanan hari besar nasional dan hari besar keagamaan',28,'2018-01-06 00:16:23','2018-01-06 00:16:23'),
(185,'Jumlah Pelanggaran PERDA',29,'2018-01-06 00:16:23','2018-01-06 00:16:23'),
(186,'Jumlah kegiatan pembinaan/ pelatihan/ bimbingan teknis bagi anggota POL PP',29,'2018-01-06 00:16:23','2018-01-06 00:16:23'),
(187,'Jumlah PPNS',29,'2018-01-06 00:16:23','2018-01-06 00:16:23'),
(188,'Jumlah anggota linmas desa terlatiih dalam tanggap darurat penanggulangan bencana',30,'2018-01-06 00:16:23','2018-01-06 00:16:23'),
(189,'Jumlah anggota linmas desa terlatiih dalam pemeliharaan trantibum dan pengamanan wilayah',30,'2018-01-06 00:16:23','2018-01-06 00:16:23'),
(190,'Bimbingan, Pelatihan dan Bantuan bagi PMKS dan Komunitas Adat',31,'2018-01-06 00:16:23','2018-01-06 00:16:23'),
(191,'Bimbingan dan bantuan dalam Pelestarian Nilai-nilai Keperintisan, Kepahlawanan dan Kesetiakawanan Sosial',31,'2018-01-06 00:16:23','2018-01-06 00:16:23'),
(192,'Bimbingan, Rehabilitasi dan Bantuan bagi Penyandang Disabilitas, Tuna Sosial, ANKN, ODHA, ABH dan BWBLP',32,'2018-01-06 00:16:23','2018-01-06 00:16:23'),
(194,'Pemenuhan Kebutuhan Dasar dan Jaminan Sosial bagi Masyarakat Miskin (Keluarga, Anak, Lanjut Usia, Disabilitas Berat) dan Korban Bencana Alam',33,'2018-01-06 00:16:23','2018-01-06 00:16:23'),
(195,'Pemberdayaan Potensi Sumber Kesejahteraan Sosial (PSKS) : Peksos, PSM, Karang Taruna, Tagana, Keluarga Pioner, WPKS, Penyuluh Sosial Masyarakat, TKSK dalam Penanganan Penyandang Masalah Kesejahteraan Sosial (PMKS).',34,'2018-01-06 00:16:23','2018-01-06 00:16:23'),
(196,'Pemberdayaan Lembaga Potensi Sumber Kesejahteraan Sosial (PSKS) : LKS, LK3, WKSBM dan Dunia Usaha dalam Penanganan Penyandang Masalah Kesejahteraan Sosial (PMKS).',34,'2018-01-06 00:16:23','2018-01-06 00:16:23'),
(197,'Partisipasi Perempuan di Lembaga Pemerintah, Swasta dan Organisasi Perempuan',35,'2018-01-06 00:16:23','2018-01-06 00:16:23'),
(198,'Pemberdayaan dan Pembinaan terhadap Perempuan',35,'2018-01-06 00:16:23','2018-01-06 00:16:23'),
(199,'Pengembangan Hak-hak Anak',35,'2018-01-06 00:16:23','2018-01-06 00:16:23'),
(200,'Pemberdayaan dan Perlindungan terhadap Perempuan',36,'2018-01-06 00:16:23','2018-01-06 00:16:23'),
(201,'Pencegahan dan Penanggulangan WNI-Migran, Korban Perdagangan Orang dan Korban Tindak Kekerasan bagi Perempuan dan Anak',32,'2018-01-06 00:16:23','2018-01-06 00:16:23'),
(202,'Jumlah PNS yang mengikuti pendidikan dn pelatihan kepemimpinan',37,'2018-01-06 00:16:23','2018-01-06 00:16:23'),
(203,'Jumlah ASN yang mengikuti pendidikan dan pelatihan teknis',37,'2018-01-06 00:16:23','2018-01-06 00:16:23'),
(204,'Jumlah CPNS yang mengikuti diklat prajabatan',37,'2018-01-06 00:16:23','2018-01-06 00:16:23'),
(205,'Sosialisasi Kediklatan',37,'2018-01-06 00:16:23','2018-01-06 00:16:23'),
(206,'Hasil Kajian dalam Perencanaan Kediklatan',37,'2018-01-06 00:16:23','2018-01-06 00:16:23'),
(207,'Evaluasi Purna Diklat',37,'2018-01-06 00:16:23','2018-01-06 00:16:23'),
(208,'Analisis Kebutuhan Diklat',37,'2018-01-06 00:16:23','2018-01-06 00:16:23'),
(209,'Jumlah jenis diklat yang diakreditasi / re akreditasi',37,'2018-01-06 00:16:23','2018-01-06 00:16:23'),
(210,'Terpenuhinya Kompetensi SDM ASN sesuai standar',37,'2018-01-06 00:16:23','2018-01-06 00:16:23'),
(211,'pejabat yang telah memenuhi persyaratan formal sesuai bidang tugasnya melalui seleksi terbuka jabatan',37,'2018-01-06 00:16:23','2018-01-06 00:16:23'),
(212,'Pejabat yang memenuhi persyaratan seleksi diklat dalam jabatan',37,'2018-01-06 00:16:23','2018-01-06 00:16:23'),
(213,'Pejabat fungsional yang memenuhi syarat kompetensi',37,'2018-01-06 00:16:23','2018-01-06 00:16:23'),
(214,'Persentase formasi jabatan yang terisi sesuai dengan kompetensi',37,'2018-01-06 00:16:23','2018-01-06 00:16:23'),
(215,'Dokumen pemetaan formasi PNS',37,'2018-01-06 00:16:23','2018-01-06 00:16:23'),
(216,'Anggota KORPRI Yang Memiliki Kompetensi',37,'2018-01-06 00:16:23','2018-01-06 00:16:23'),
(217,'Peningkatan Kelembagaan Organisasi di Bawah KORPRI',37,'2018-01-06 00:16:23','2018-01-06 00:16:23'),
(218,'Tingkat Pelaksanaan Kinerja Anggota KORPRI',37,'2018-01-06 00:16:23','2018-01-06 00:16:23'),
(219,'Pelaksanaan Pelepasan Purna Bhakti Anggota KORPRI',37,'2018-01-06 00:16:23','2018-01-06 00:16:23'),
(220,'Meningkatnya Pengelolaan Kelembagaan KORPRI Unit',37,'2018-01-06 00:16:23','2018-01-06 00:16:23'),
(221,'Meningkatnya kapasitas sumber daya aparatur',37,'2018-01-06 00:16:23','2018-01-06 00:16:23'),
(222,'tingkat kehadiran aparatur',38,'2018-01-06 00:16:23','2018-01-06 00:16:23'),
(223,'tingkat Penurunan pelanggaran disiplin aparatur',38,'2018-01-06 00:16:23','2018-01-06 00:16:23'),
(224,'tingkat penyelesaian pelanggaran disiplin aparatur',38,'2018-01-06 00:16:23','2018-01-06 00:16:23'),
(225,'meningkatnya pengetahuan peraturan kepegawaian',38,'2018-01-06 00:16:23','2018-01-06 00:16:23'),
(226,'Persentase pegawai yang melaksanakan SKP',38,'2018-01-06 00:16:23','2018-01-06 00:16:23'),
(227,'Persentase penyelesaian pelayanan adm kepegawaian melalui akurasi data yang akurat dan akuntabel ',38,'2018-01-06 00:16:23','2018-01-06 00:16:23'),
(228,'Tingkat disiplin aparatur',38,'2018-01-06 00:16:23','2018-01-06 00:16:23'),
(229,'Pelaksanaan Penataan  kelembagaan sesuai dengan Peraturan perundang Undangan',39,'2018-01-06 00:16:23','2018-01-06 00:16:23'),
(230,'Pelaksanaan Penataan Ketatalaksanaan sesuai dengan Peraturan perundang Undangan',39,'2018-01-06 00:16:23','2018-01-06 00:16:23'),
(231,'Indeks Kepuasan Masyarakat ( IKM )',40,'2018-01-06 00:16:23','2018-01-06 00:16:23'),
(232,'Penetapan standar pelayanan dan Maklumat pelayanan',40,'2018-01-06 00:16:23','2018-01-06 00:16:23'),
(233,'Pelaksanaan Gelar Inovasi Pelayanan Publik',40,'2018-01-06 00:16:23','2018-01-06 00:16:23'),
(234,'penataan Pelayanan Perizinan Terpadu Kecamatan (PATEN)',40,'2018-01-06 00:16:23','2018-01-06 00:16:23'),
(235,'Cakupan pelayanan administrasi perkantoran',40,'2018-01-06 00:16:23','2018-01-06 00:16:23'),
(236,'Cakupan peningkatan sarana prasarana aparatur',40,'2018-01-06 00:16:23','2018-01-06 00:16:23'),
(237,'Jalinan  Kerjasama Antar Pemerintah Daerah dengan pemerintah daerah yang berbatasan ',41,'2018-01-06 00:16:23','2018-01-06 00:16:23'),
(238,'Jalinan  Kerjasama Antar Pemerintah Daerah yang tidak berbatasan ',41,'2018-01-06 00:16:23','2018-01-06 00:16:23'),
(239,'jalinan kerjasama antar Pemerintah daerah dengan Instansi Pemerintah',41,'2018-01-06 00:16:23','2018-01-06 00:16:23'),
(240,'jalinan kerjasama antar Pemerintah daerah dengan pihak ke tiga dan masyarakat',41,'2018-01-06 00:16:23','2018-01-06 00:16:23'),
(241,'Penataan  Batas Wilayah administrasi pemerintahan',42,'2018-01-06 00:16:23','2018-01-06 00:16:23'),
(242,'Inventarisasi dan pembakuan Rupa bumi',42,'2018-01-06 00:16:23','2018-01-06 00:16:23'),
(243,'Peningkatan tertib administrasi kewilayahan ',42,'2018-01-06 00:16:23','2018-01-06 00:16:23'),
(244,'Peyusunan kelengkapan persyaratan pemekaran Kabupaten Sukabumi',43,'2018-01-06 00:16:23','2018-01-06 00:16:23'),
(245,'Pembentukan DOB Kabupaten Sukabumi Utara ',43,'2018-01-06 00:16:23','2018-01-06 00:16:23'),
(246,'LPPD,RPPD, ELPPD, LKPJ dan LKj',44,'2018-01-06 00:16:23','2018-01-06 00:16:23'),
(247,'Jumlah Pimpinan dan anggota DPRD dalam mengikuti Bintek, Seminar, Workshop, in house training dan Sosialiasi',45,'2018-01-06 00:16:23','2018-01-06 00:16:23'),
(248,'Jumlah dialog/audiensi kepala daerah dan wakil kepala daerah dengan tokoh masyarakat dan pimpinan organisasi masyarakat',46,'2018-01-06 00:16:23','2018-01-06 00:16:23'),
(249,'Jumlah Kunjungan kerja Kepala Daerah dan Wakil Kepala Daerah',46,'2018-01-06 00:16:23','2018-01-06 00:16:23'),
(250,'Jumlah Peraturan Daerah Kabupaten Sukabumi yang Disahkannya/ditetapkan',47,'2018-01-06 00:16:23','2018-01-06 00:16:23'),
(251,'Persentase Produk hukum yang disosialisasikan',47,'2018-01-06 00:16:23','2018-01-06 00:16:23'),
(252,'Advokasi hukum aparatur (perdata/ptun)',47,'2018-01-06 00:16:23','2018-01-06 00:16:23'),
(253,'Penyuluhan Hukum ',47,'2018-01-06 00:16:23','2018-01-06 00:16:23'),
(254,'Jumlah Perda yang diundangkan',47,'2018-01-06 00:16:23','2018-01-06 00:16:23'),
(255,'Jumlah Perbup yang diundangkan',47,'2018-01-06 00:16:23','2018-01-06 00:16:23'),
(256,'Jumlah Keputusan Bupati yang diterbitkan',47,'2018-01-06 00:16:23','2018-01-06 00:16:23'),
(257,'Data dan pemantauan sektor investasi dan pengembangan BUMD',47,'2018-01-06 00:16:23','2018-01-06 00:16:23'),
(258,'Data dan pemantauan sektor pengembangan perekonomian dan perajin',47,'2018-01-06 00:16:23','2018-01-06 00:16:23'),
(259,'Data dan pemantauan sektor sumber daya alam dan lingkungan hidup',47,'2018-01-06 00:16:23','2018-01-06 00:16:23'),
(260,'Pembinaan Kesejahteraan Sosial',47,'2018-01-06 00:16:23','2018-01-06 00:16:23'),
(261,'Lembaga Kemasyarakatan',47,'2018-01-06 00:16:23','2018-01-06 00:16:23'),
(262,'Budaya dan Adat',47,'2018-01-06 00:16:23','2018-01-06 00:16:23'),
(263,'Kabupaten Sukabumi sehat',47,'2018-01-06 00:16:23','2018-01-06 00:16:23'),
(264,'Prosentase dokumen perencaaan dan evaluasi pembangunan daerah yang tepat waktu',48,'2018-01-06 00:16:23','2018-01-06 00:16:23'),
(265,'Konsistensi Dokumen Perencanaan  : - Renstra Perangkat Daerah dengan RPJMD - Renja PD dengan RKPD',48,'2018-01-06 00:16:23','2018-01-06 00:16:23'),
(266,'Prosentase Perangkat Daerah yang mendapat Fasilitasi Program Pembangunan',48,'2018-01-06 00:16:23','2018-01-06 00:16:23'),
(267,'Rasio Aparat Pengawas Internal Pemerintah (APIP) yang profesional melalui pendidikan dan latihan teknis substansi pengawasan dan Diklat  Fungsional (sertifikasi)',49,'2018-01-06 00:16:23','2018-01-06 00:16:23'),
(268,'Prosentasi Rekomendasi hasil Pemeriksaan Reguler Inspektorat Kab, Sukabumi yang ditindaklanjuti SKPD. ',50,'2018-01-06 00:16:23','2018-01-06 00:16:23'),
(269,'Rata-rata jumlah temuan pada Seluruh SKPD ',50,'2018-01-06 00:16:23','2018-01-06 00:16:23'),
(270,'Rasio SKPD yang menerapkan manajemen resiko dibanding dengan Seluruh SKPD di Kabupaten Sukabumi dalam mewujudkan kinerja SKPD yang baik.',50,'2018-01-06 00:16:23','2018-01-06 00:16:23'),
(271,'Laporan Keuangan Pemerintah Derah (LKPD) Kab. Sukabumi yang direviu APIP ',50,'2018-01-06 00:16:23','2018-01-06 00:16:23'),
(272,'Prosentase dokumen Rencana Kerja Anggaran (RKA) SKPD yang telah di reviu APIP',50,'2018-01-06 00:16:24','2018-01-06 00:16:24'),
(273,'Rasio SKPD Yang menerapkan SPIP dengan Seluruh Jumlah total SKPD',50,'2018-01-06 00:16:24','2018-01-06 00:16:24'),
(274,'Rata-rata nilai hasil evaluasi AKIP SKPD di lingkungan Pemerintah Kab. Sukabumi',50,'2018-01-06 00:16:24','2018-01-06 00:16:24'),
(275,'Rasio Aparat Sipil Negara yang wajib menyampaikan LHKASN dengan Jumlah seluruh  ASN non pejabat eselon 2 dan 3 di Kab. Sukabumi',50,'2018-01-06 00:16:24','2018-01-06 00:16:24'),
(276,'Rasio SKPD yang memenuhi kriteria Penilaian Mandiri Pelaksanaan Reformasi Birokrasi',50,'2018-01-06 00:16:24','2018-01-06 00:16:24'),
(277,'Prosentase Kepala SKPD (PA), KPA dan Bendahara Pengeluaran SKPD yang meningkat pemahaman atas hasil pemeriksaan mengikuti melalui Rakor Hasil Pengawasan ',50,'2018-01-06 00:16:24','2018-01-06 00:16:24'),
(278,'Prosentase SKPD yang dilakukan pemeriksaan tertentu ',50,'2018-01-06 00:16:24','2018-01-06 00:16:24'),
(279,'Rasio Penyelesaian Pengaduan Masyarakat atau Lembaga dengan jumlah pengaduan yang ditangani',50,'2018-01-06 00:16:24','2018-01-06 00:16:24'),
(280,'Raperda dan Perbup APBD yang ditetapkan',51,'2018-01-06 00:16:24','2018-01-06 00:16:24'),
(281,'Perbup tentang Pergesaran PenjabaranAPBD yang ditetapkan',51,'2018-01-06 00:16:24','2018-01-06 00:16:24'),
(282,'Laporan Keuangan yang akuntabel',52,'2018-01-06 00:16:24','2018-01-06 00:16:24'),
(283,'Inventarisasi/ penatausahaan Barang milik daerah',52,'2018-01-06 00:16:24','2018-01-06 00:16:24'),
(284,'Pengamanan Aset tanah',52,'2018-01-06 00:16:24','2018-01-06 00:16:24'),
(285,'Jumlah Kebijakan tentang pengelolaan keuangan dan asset daerah yang ditetapkan',52,'2018-01-06 00:16:24','2018-01-06 00:16:24'),
(286,'Cakupan pengelolaan laporan Perangkat Daerah',101,'2018-01-06 00:16:24','2018-01-06 00:16:24'),
(287,'Kenaikan Pendapatan Asli Daerah (PAD)',53,'2018-01-06 00:16:24','2018-01-06 00:16:24'),
(288,'Pemungutan pajak (Tax performance index)',53,'2018-01-06 00:16:24','2018-01-06 00:16:24'),
(289,'OPD yang menerapkan arsip secara baku',54,'2018-01-06 00:16:24','2018-01-06 00:16:24'),
(290,'Peningkatan Kegiatan SDM Pengelola kearsipan',54,'2018-01-06 00:16:24','2018-01-06 00:16:24'),
(291,'Cakupan Kepemilikan KK',55,'2018-01-06 00:16:24','2018-01-06 00:16:24'),
(292,'Cakupan Kepemilikan KTP',55,'2018-01-06 00:16:24','2018-01-06 00:16:24'),
(293,'Cakupan Kepemilikan akta kelahiran ',55,'2018-01-06 00:16:24','2018-01-06 00:16:24'),
(294,'Cakupan Penerbitan Akta Kematian',55,'2018-01-06 00:16:24','2018-01-06 00:16:24'),
(295,'Jumlah SKPD yang terintegrasi dengan basis data terpadu kependudukan',55,'2018-01-06 00:16:24','2018-01-06 00:16:24'),
(296,'Cakupan Visualisasi data base kependuduan berbasis sidakep GIS',55,'2018-01-06 00:16:24','2018-01-06 00:16:24'),
(297,'Jumlah desa yang memahami akan pentingnya dokumen kependudukan',55,'2018-01-06 00:16:24','2018-01-06 00:16:24'),
(298,'Fasilitasi pembahasan penyelesaian masalah pertanahan',56,'2018-01-06 00:16:24','2018-01-06 00:16:24'),
(299,'Fasilitasi dan terinventarisasinya hak-hak atas tanah Pemkab Sukabumi',56,'2018-01-06 00:16:24','2018-01-06 00:16:24'),
(300,'Fasilitasi Penatagunaan Tanah',56,'2018-01-06 00:16:24','2018-01-06 00:16:24'),
(301,'Jumlah kelompok masyarakat yang berpartisipasi dalam pembangunan',57,'2018-01-06 00:16:24','2018-01-06 00:16:24'),
(302,'Capaian Realisasi PBB dan Retribusi Daerah',57,'2018-01-06 00:16:24','2018-01-06 00:16:24'),
(303,'Jumlah Penyelenggara Pemerintah Desa yang terlatih',118,'2018-01-06 00:16:24','2018-01-06 00:16:24'),
(304,'Jumlah Administrasi Desa yang terkelola dengan baik',119,'2018-01-06 00:16:24','2018-01-06 00:16:24'),
(305,'Jumlah Tenaga Teknis dan Masyarakat yang terlatih',58,'2018-01-06 00:16:24','2018-01-06 00:16:24'),
(306,'Jumlah Desa Sangat Tertinggal dan Tertinggal yang statusnya meningkat',59,'2018-01-06 00:16:24','2018-01-06 00:16:24'),
(307,'Jumlah Kelompok Binaan Lembaga Kemasyarakatan Desa',112,'2018-01-06 00:16:24','2018-01-06 00:16:24'),
(308,'Tersampaikannya Informasi kegiatan Pemda Terhadap Masyarakat luas melalui Jalinan Komunikasi dan Kerjasama Media Massa baik media cetak, radio, televisi maupun media online',60,'2018-01-06 00:16:24','2018-01-06 00:16:24'),
(309,'Penyampaian informasi publik melalui media informasi yang di kelola Pemerintah Daerah',60,'2018-01-06 00:16:24','2018-01-06 00:16:24'),
(310,'Fasilitasi Pengadaan Barang dan Jasa Pemerintah secara Elektronik (LPSE)',60,'2018-01-06 00:16:24','2018-01-06 00:16:24'),
(311,'Terintegrasinya Sistem Informasi Manajemen Pemda berbasis IT',61,'2018-01-06 00:16:24','2018-01-06 00:16:24'),
(312,'Jumlah SKPD yang menggunakan Jaringan Informasi Terpadu',61,'2018-01-06 00:16:24','2018-01-06 00:16:24'),
(313,'Dokumen IT Kominfo',61,'2018-01-06 00:16:24','2018-01-06 00:16:24'),
(314,'Tersedianya Prasarana, Sarana dan Fasilitas Kominfo',61,'2018-01-06 00:16:24','2018-01-06 00:16:24'),
(315,'Meningkatnya penataan dan pengawasan menara telekomunikasi',61,'2018-01-06 00:16:24','2018-01-06 00:16:24'),
(316,'Meningkatnya Pembinaan dan Pengawasan Penggunaan TIK',61,'2018-01-06 00:16:24','2018-01-06 00:16:24'),
(317,'Jumlah aparatur yang memahami pengadaan barang dan jasa secara elektronik',62,'2018-01-06 00:16:24','2018-01-06 00:16:24'),
(318,'Pengadaan secara elektronik (e-purchasing dan e-catalog)',62,'2018-01-06 00:16:24','2018-01-06 00:16:24'),
(319,'Jumlah aparat desa yang memahami pengadaan barang dan jasa secara elektronik',62,'2018-01-06 00:16:24','2018-01-06 00:16:24'),
(320,'Sertifikasi Pengadaan Barang/Jasa',62,'2018-01-06 00:16:24','2018-01-06 00:16:24'),
(321,'Rekapitulasi Pelaksanaan Anggaran OPD & DPPA-OPD',62,'2018-01-06 00:16:24','2018-01-06 00:16:24'),
(322,'Laporan Pengegendalian dan Evaluasi Penyerapan Anggaran (TEPA)',62,'2018-01-06 00:16:24','2018-01-06 00:16:24'),
(323,'BOR sesuai standar  (Bed Occupancy Ratio nilai standar 60-85%)',63,'2018-01-06 00:16:24','2018-01-06 00:16:24'),
(324,'ALOS sesuai standar (Average  Lange Of Stay  nilai standar 3-5 hari)',63,'2018-01-06 00:16:24','2018-01-06 00:16:24'),
(325,'TOI sesuai standar (Turn Over Interval nilai standar 1-3 hari)',63,'2018-01-06 00:16:24','2018-01-06 00:16:24'),
(326,'Menurunkan angka NDR  (  Net Death Rate  nilai standar <25 ',63,'2018-01-06 00:16:24','2018-01-06 00:16:24'),
(327,'Menurunkan angka GDR  (Gross Death Rate   nilai standar < 45 ',63,'2018-01-06 00:16:24','2018-01-06 00:16:24'),
(328,'Frekuensi pemakaian tempat tidur ( Bed Turn Over /BTO ) nilai standar 40-50 kali',63,'2018-01-06 00:16:24','2018-01-06 00:16:24'),
(329,'Jumlah Kunjungan Pasien Rawat Jalan',63,'2018-01-06 00:16:24','2018-01-06 00:16:24'),
(330,'Jumlah Kunjungan  pasien Instalasi gawat darurat',63,'2018-01-06 00:16:24','2018-01-06 00:16:24'),
(331,'kepuasan costumer baik  (Nilai baik antara  62,51 - 81,25)',63,'2018-01-06 00:16:24','2018-01-06 00:16:24'),
(332,'BOR sesuai standar  (Bed Occupancy Ratio nilai standar 60-85%)',63,'2018-01-06 00:16:24','2018-01-06 00:16:24'),
(333,'ALOS sesuai standar (Average  Lange Of Stay  nilai standar 3-5 hari)',63,'2018-01-06 00:16:24','2018-01-06 00:16:24'),
(334,'TOI sesuai standar (Turn Over Interval nilai standar 1-3 hari)',63,'2018-01-06 00:16:24','2018-01-06 00:16:24'),
(335,'Menurunkan angka NDR  (  Net Death Rate  nilai standar <25 ',63,'2018-01-06 00:16:24','2018-01-06 00:16:24'),
(336,'Menurunkan angka GDR  (Gross Death Rate   nilai standar < 45 ',63,'2018-01-06 00:16:24','2018-01-06 00:16:24'),
(337,'Frekuensi pemakaian tempat tidur ( Bed Turn Over /BTO ) nilai standar 40-50 kali',63,'2018-01-06 00:16:24','2018-01-06 00:16:24'),
(338,'Jumlah Kunjungan Pasien Rawat Jalan',63,'2018-01-06 00:16:24','2018-01-06 00:16:24'),
(339,'Jumlah Kunjungan  pasien Instalasi gawat darurat',63,'2018-01-06 00:16:24','2018-01-06 00:16:24'),
(340,'kepuasan costumer baik  ( nilai baik antara  62,51 - 81,25)',63,'2018-01-06 00:16:24','2018-01-06 00:16:24'),
(341,'BOR sesuai standar  (Bed Occupancy Ratio nilai standar 60-85%)',63,'2018-01-06 00:16:24','2018-01-06 00:16:24'),
(342,'ALOS sesuai standar (Average  Lange Of Stay  nilai standar 3-5 hari)',63,'2018-01-06 00:16:24','2018-01-06 00:16:24'),
(343,'TOI sesuai standar (Turn Over Interval nilai standar 1-3 hari)',63,'2018-01-06 00:16:24','2018-01-06 00:16:24'),
(344,'Menurunkan angka NDR  (  Net Death Rate  nilai standar <25 ',63,'2018-01-06 00:16:24','2018-01-06 00:16:24'),
(345,'Menurunkan angka GDR  (Gross Death Rate   nilai standar < 45 ',63,'2018-01-06 00:16:24','2018-01-06 00:16:24'),
(346,'Frekuensi pemakaian tempat tidur ( Bed Turn Over /BTO ) nilai standar 40-50 kali',63,'2018-01-06 00:16:24','2018-01-06 00:16:24'),
(347,'Jumlah Kunjungan Pasien Rawat Jalan',63,'2018-01-06 00:16:24','2018-01-06 00:16:24'),
(348,'Jumlah Kunjungan  pasien Instalasi gawat darurat',63,'2018-01-06 00:16:24','2018-01-06 00:16:24'),
(349,'kepuasan costumer baik  ( nilai baik antara  62,51 - 81,25)',63,'2018-01-06 00:16:24','2018-01-06 00:16:24'),
(350,'Tersedianya obat, perbekalan kesehatan',64,'2018-01-06 00:16:24','2018-01-06 00:16:24'),
(351,'Tersedianya obat Program',64,'2018-01-06 00:16:24','2018-01-06 00:16:24'),
(352,'Tersedianya bahan kimia/reagensia untuk pemeriksaan kesehatan',64,'2018-01-06 00:16:24','2018-01-06 00:16:24'),
(353,'cakupan Puskesmas yang melaksanakan kelas ibu hamil',65,'2018-01-06 00:16:24','2018-01-06 00:16:24'),
(354,'cakupan Puskesmas yang melakukan orientasi program perencanaan persalinan dan pencegahan komplikasi (P4K)',65,'2018-01-06 00:16:24','2018-01-06 00:16:24'),
(355,'Cakupan komplikasi kebidanan yang ditangani',65,'2018-01-06 00:16:24','2018-01-06 00:16:24'),
(356,'Cakupan pertolongan persalinan oleh tenaga kesehatan yang memiliki kompetensi kebidanan',65,'2018-01-06 00:16:24','2018-01-06 00:16:24'),
(357,'Cakupan Kunjungan Ibu Hamil K4',65,'2018-01-06 00:16:24','2018-01-06 00:16:24'),
(358,'Cakupan Pelayanan Ibu Nifas',65,'2018-01-06 00:16:24','2018-01-06 00:16:24'),
(359,'Cakupan Kunjungan Neonatal Pertama (KN1) sesuai standar ',65,'2018-01-06 00:16:24','2018-01-06 00:16:24'),
(360,'Cakupan Kunjungan Neonatal Lengkap (KNL) sesuai standar ',65,'2018-01-06 00:16:24','2018-01-06 00:16:24'),
(361,'Cakupan Neonatal dengan Komplikasi yang ditangani',65,'2018-01-06 00:16:24','2018-01-06 00:16:24'),
(362,'Cakupan Kunjungan Bayi',65,'2018-01-06 00:16:24','2018-01-06 00:16:24'),
(363,'cakupan peserta KB aktif',65,'2018-01-06 00:16:24','2018-01-06 00:16:24'),
(364,'Menurunnya Jumlah Kematian Ibu',66,'2018-01-06 00:16:24','2018-01-06 00:16:24'),
(365,'Menurunnya Angka Kematian Bayi',66,'2018-01-06 00:16:24','2018-01-06 00:16:24'),
(366,'Cakupan Pelayanan Anak Balita',67,'2018-01-06 00:16:24','2018-01-06 00:16:24'),
(367,'Puskesmas yang melaksanakan penjaringan kesehatan untuk peserta didik kelas 1',68,'2018-01-06 00:16:24','2018-01-06 00:16:24'),
(368,'Puskesmas yang melaksanakan penjaringan kesehatan untuk peserta didik kelas 7 dan 10',68,'2018-01-06 00:16:24','2018-01-06 00:16:24'),
(369,'Puskesmas yang menyelenggarakan kegiatan kesehatan remaja',68,'2018-01-06 00:16:24','2018-01-06 00:16:24'),
(370,'Jumlah Puskesmas yang menyelenggarakan kegiatan kesehatan lansia',68,'2018-01-06 00:16:24','2018-01-06 00:16:24'),
(371,'Persentase Puskesmas yang menyelenggarakan kesehatan kerja dasar',69,'2018-01-06 00:16:24','2018-01-06 00:16:24'),
(372,'Jumlah pos UKK yang  terbentuk di daerah PPI/TPI',69,'2018-01-06 00:16:24','2018-01-06 00:16:24'),
(373,'Persentase Puskesmas yang melaksanakan kegiatan kesehatan olah raga pada kelompok masyarakat di wilayah kerjanya',69,'2018-01-06 00:16:24','2018-01-06 00:16:24'),
(374,'Persentase Puskesmas yang menyelenggarakan  kesehatan tradisional dan kimplementer',70,'2018-01-06 00:16:24','2018-01-06 00:16:24'),
(375,'Jumlah puskesmas yang menerapkan Pelayanan Keperawatan Kesehatan  Masyarakat (Perkesmas)',71,'2018-01-06 00:16:24','2018-01-06 00:16:24'),
(376,'Jumlah Puskesmas non rawat inap dan Puskesmas rawat inap yang memberikan pelayanan sesuai standar',72,'2018-01-06 00:16:24','2018-01-06 00:16:24'),
(377,'Jumlah Puskesmas yang telah melaksanakan manajemen Puskesmas',72,'2018-01-06 00:16:24','2018-01-06 00:16:24'),
(378,'Jumlah Puskesmas yang menyelenggarakan pelayanan kesehatan jiwa dan NAPZA',73,'2018-01-06 00:16:24','2018-01-06 00:16:24'),
(379,'Jumlah Puskesmas yang melaksanakan pelayanan kesehatan Gigi dan Mulut',73,'2018-01-06 00:16:24','2018-01-06 00:16:24'),
(380,'Jumlah Puskesmas yang memberikan pelayanan laboratorium',73,'2018-01-06 00:16:24','2018-01-06 00:16:24'),
(381,'Jumlah Puskesmas yang memberikan pelayanan Kesehatan Indra',73,'2018-01-06 00:16:24','2018-01-06 00:16:24'),
(382,'Jumlah Penduduk Penerima Bantuan Iuran (PBI) yang menjadi peserta jaminan kesehatan nasional (JKN)',74,'2018-01-06 00:16:24','2018-01-06 00:16:24'),
(383,'Cakupan pelayanan kesehatan pasien masyarakat miskin di fasilitas kesehatan',75,'2018-01-06 00:16:24','2018-01-06 00:16:24'),
(384,'Ibu hamil KEK yang mendapat makanan tambahan',76,'2018-01-06 00:16:24','2018-01-06 00:16:24'),
(385,'Ibu hamil yang mendapat Tablet Tambah Darah (TTD) 90 tablet selama masa kehamilan',76,'2018-01-06 00:16:24','2018-01-06 00:16:24'),
(386,'Bayi usia kurang dari 6 bulan yang mendapat ASI eksklusif',76,'2018-01-06 00:16:24','2018-01-06 00:16:24'),
(387,'Bayi baru lahir mendapat Inisiasi Menyusu Dini (IMD)',76,'2018-01-06 00:16:24','2018-01-06 00:16:24'),
(388,'Balita kurus yang mendapat makanan tambahan',76,'2018-01-06 00:16:24','2018-01-06 00:16:24'),
(389,'Remaja puteri yang mendapat Tablet Tambah Darah (TTD)',76,'2018-01-06 00:16:24','2018-01-06 00:16:24'),
(390,'Balita gizi Sangat Kurus mendapat perawatan',76,'2018-01-06 00:16:24','2018-01-06 00:16:24'),
(391,'Pemberian makanan pendamping ASI pada anak usia 6 - 24 bulan keluarga miskin',76,'2018-01-06 00:16:24','2018-01-06 00:16:24'),
(392,'Cakupan sarana air bersih (SAB)',77,'2018-01-06 00:16:24','2018-01-06 00:16:24'),
(393,'Cakupan Rumah Sehat',77,'2018-01-06 00:16:24','2018-01-06 00:16:24'),
(394,'Cakupan Akses Jamban Keluarga (JAGA)',77,'2018-01-06 00:16:24','2018-01-06 00:16:24'),
(395,'Cakupan Angka Bebas Jentik',77,'2018-01-06 00:16:24','2018-01-06 00:16:24'),
(396,'Cakupan Saluran Pembuangan Air Limbah (SPAL)',77,'2018-01-06 00:16:24','2018-01-06 00:16:24'),
(397,'Cakupan Tempat Sampah',77,'2018-01-06 00:16:24','2018-01-06 00:16:24'),
(398,'kebijakan publik yang berwawasan kesehatan ',78,'2018-01-06 00:16:24','2018-01-06 00:16:24'),
(399,'Cakupan PHBS di Tatanan RT ',78,'2018-01-06 00:16:24','2018-01-06 00:16:24'),
(400,'Cakupan strata desa siaga aktif',78,'2018-01-06 00:16:24','2018-01-06 00:16:24'),
(401,'Cakupan sekolah  yang mempromosikan kesehatan',78,'2018-01-06 00:16:24','2018-01-06 00:16:24'),
(402,'Jumlah Tema pesan dalam komunikasi, informasi dan edukasi  kepada masyarakat',78,'2018-01-06 00:16:24','2018-01-06 00:16:24'),
(403,'Jumlah dunia usaha yang memanfaatkan CSR-nya untuk program kesehatan',78,'2018-01-06 00:16:24','2018-01-06 00:16:24'),
(404,'Cakupan penemuan dan penanganan penderita penyakit TBC BTA',79,'2018-01-06 00:16:24','2018-01-06 00:16:24'),
(405,'Meningkatnya angka kesembuhan penderita TB Paru BTA Positif',79,'2018-01-06 00:16:24','2018-01-06 00:16:24'),
(406,'Cakupan penemuan dan penanganan penderita penyakit DBD',79,'2018-01-06 00:16:24','2018-01-06 00:16:24'),
(407,'Cakupan balita dengan pneumonia yang ditangani',79,'2018-01-06 00:16:24','2018-01-06 00:16:24'),
(408,'Cakupan penemuan dan penanganan penderita Diare',79,'2018-01-06 00:16:24','2018-01-06 00:16:24'),
(409,'Cakupan Penemuan dan Penanganan Kasus Penderita Filariasis',79,'2018-01-06 00:16:24','2018-01-06 00:16:24'),
(410,'Cakupan Penemuan dan Penanganan suspect Flu Burung',79,'2018-01-06 00:16:24','2018-01-06 00:16:24'),
(411,'Cakupan Penemuan dan Penanganan Kasus Penderita Kusta',79,'2018-01-06 00:16:24','2018-01-06 00:16:24'),
(412,'Cakupan Penemuan dan Penanganan Kasus Penderita HIV/AIDS',79,'2018-01-06 00:16:24','2018-01-06 00:16:24'),
(413,'Annual Paracite Index (API) Malaria',79,'2018-01-06 00:16:24','2018-01-06 00:16:24'),
(414,'Cakupan Penemuan dan Penanganan Kasus Penderita Rabies',79,'2018-01-06 00:16:24','2018-01-06 00:16:24'),
(415,'Persentase PKM yang melaksanakan pengendalian PTM Terpadu ',79,'2018-01-06 00:16:24','2018-01-06 00:16:24'),
(416,'Persentase desa / kelurahan yang melaksanakan kegiatan posbindu PTM',79,'2018-01-06 00:16:24','2018-01-06 00:16:24'),
(417,'Persentase perempuan usia 30- 50 Tahun yang dideteksi dini kanker serviks dan payudara',79,'2018-01-06 00:16:24','2018-01-06 00:16:24'),
(418,'Persentase Puskesmas Yang melaksanakan Kebijakan Kawasan Tanpa Rokok (KTR), minimal 50 % sekolah',79,'2018-01-06 00:16:24','2018-01-06 00:16:24'),
(419,'Prevalensi tekanan darah tinggi',79,'2018-01-06 00:16:24','2018-01-06 00:16:24'),
(420,'Mempertahankan Prevalen Obesitas',79,'2018-01-06 00:16:24','2018-01-06 00:16:24'),
(421,'Prevalensi merokok pada penduduk usia <= 18Tahun',79,'2018-01-06 00:16:24','2018-01-06 00:16:24'),
(422,'Cakupan Desa/Kelurahan mengalami KLB yang dilakukan Penyelidikan Epidemiologi kurang dari 24 Jam',79,'2018-01-06 00:16:24','2018-01-06 00:16:24'),
(423,'Acute Flacid Paralysis (AFP) rate per 100.000 penduduk < 15 th',79,'2018-01-06 00:16:24','2018-01-06 00:16:24'),
(424,'Cakupan Desa/kelurahan Universal Child Immunization (UCI)',79,'2018-01-06 00:16:24','2018-01-06 00:16:24'),
(425,'Cakupan Pemeriksaan dan pembinaan   Kesehatan Jemaah Haji',80,'2018-01-06 00:16:24','2018-01-06 00:16:24'),
(426,'Cakupan penanggulangan krisis kesehatan akibat bencana',80,'2018-01-06 00:16:24','2018-01-06 00:16:24'),
(427,'Cakupan Tenaga Kesehatan Berizin di Praktek Mandiri dan Sarana Kesehatan',80,'2018-01-06 00:16:24','2018-01-06 00:16:24'),
(428,'Cakupan Sarana Kesehatan Berizin',80,'2018-01-06 00:16:24','2018-01-06 00:16:24'),
(429,'Cakupan Sertifikasi Produk Kesehatan Rumah Tangga ',80,'2018-01-06 00:16:24','2018-01-06 00:16:24'),
(430,'Cakupan Puskesmas Terakreditasi',80,'2018-01-06 00:16:24','2018-01-06 00:16:24'),
(431,'Cakupan Puskesmas dengan Sistem Informasi Terintegrasi',80,'2018-01-06 00:16:24','2018-01-06 00:16:24'),
(432,'Jumlah SDM Kesehatan yang ditingkatkan kompetensinya (kumulatif)',80,'2018-01-06 00:16:24','2018-01-06 00:16:24'),
(433,'Peningkatan fasilitas pelayanan kesehatan ',81,'2018-01-06 00:16:24','2018-01-06 00:16:24'),
(434,'cakupan pasangan usia subur (PUS) yang istrinya dibawah 20 tahun.',82,'2018-01-06 00:16:24','2018-01-06 00:16:24'),
(435,'cakupan sasaran pasangan usia subur menjadi peserta KB aktif',82,'2018-01-06 00:16:24','2018-01-06 00:16:24'),
(436,'cakupan pasangan yang ingin ber-KB tidak terpenuhi (Unmet Need)',82,'2018-01-06 00:16:24','2018-01-06 00:16:24'),
(437,'Ratio Petugas lapangan keluarga berencana/penyuluh Keluarga Berencana (PLKB/PKB) 1 petugas disetiap 2 (dua) desa/kelurahan',82,'2018-01-06 00:16:24','2018-01-06 00:16:24'),
(438,'Ratio pembantu pembina  keluarga berencana (PPKBD) 1 (satu) petugas di setiap desa/kelurahan',82,'2018-01-06 00:16:24','2018-01-06 00:16:24'),
(439,'cakupan penyedia alat dan obat kontrasepsi untuk memenuhi permintaan masyarakat setiap tahun',82,'2018-01-06 00:16:24','2018-01-06 00:16:24'),
(440,'cakupan penyedia informasi data mikro keluarga di setiap desa/kelurahan setiap tahun',82,'2018-01-06 00:16:24','2018-01-06 00:16:24'),
(441,'cakupan anggota bina keluarga balita (BKB)  ber-KB',83,'2018-01-06 00:16:24','2018-01-06 00:16:24'),
(442,'Cakupan PUS peserta KB anggota usaha peningkaatan pendapatan keluarga sejahtera (UPPKS) yang ber-KB',83,'2018-01-06 00:16:24','2018-01-06 00:16:24'),
(443,'Jumlah koleksi bahan perpustakaan di Kab. Sukabumi',84,'2018-01-06 00:16:24','2018-01-06 00:16:24'),
(444,'Jumlah Pengunjung Perpustakaan',84,'2018-01-06 00:16:24','2018-01-06 00:16:24'),
(445,'Tingkat kompetensi Pengelola perpustakaan',84,'2018-01-06 00:16:24','2018-01-06 00:16:24'),
(446,'APK SD Sederajat',85,'2018-01-06 00:16:24','2018-01-06 00:16:24'),
(447,'APM SD Sederajat',85,'2018-01-06 00:16:24','2018-01-06 00:16:24'),
(448,'APK SMP Sederajat',85,'2018-01-06 00:16:24','2018-01-06 00:16:24'),
(449,'APM SMP Sederajat',85,'2018-01-06 00:16:24','2018-01-06 00:16:24'),
(450,'Angka kelulusan SD',85,'2018-01-06 00:16:24','2018-01-06 00:16:24'),
(451,'Angka Kelulusan SMP',85,'2018-01-06 00:16:24','2018-01-06 00:16:24'),
(452,'Angka Mengulang Kelas SD',85,'2018-01-06 00:16:24','2018-01-06 00:16:24'),
(454,'Angka DO SD',85,'2018-01-06 00:16:24','2018-01-06 00:16:24'),
(455,'Angka DO SMP',85,'2018-01-06 00:16:24','2018-01-06 00:16:24'),
(456,'Angka melanjutkan dari SD Sederajat ke SMP Sederajat',85,'2018-01-06 00:16:24','2018-01-06 00:16:24'),
(457,'Angka melanjutkan dari SMP Sederajat ke SMA Sederajat',85,'2018-01-06 00:16:24','2018-01-06 00:16:24'),
(458,'Rata-rata nilai ujian akhir SD',85,'2018-01-06 00:16:24','2018-01-06 00:16:24'),
(459,'Rata-rata nilai ujian nasional SMP',85,'2018-01-06 00:16:24','2018-01-06 00:16:24'),
(462,'Jumlah sekolah yang biaya operasionalnya terbantu dana APBD',85,'2018-01-06 00:16:24','2018-01-06 00:16:24'),
(463,'APK PAUD',85,'2018-01-06 00:16:24','2018-01-06 00:16:24'),
(464,'Jumlah lembaga PAUD yang memiliki ruang kelas untuk belajar',85,'2018-01-06 00:16:24','2018-01-06 00:16:24'),
(465,'Jumlah PAUD yang menyelenggarakan pembinaan pendidikan keluarga (parenting)',85,'2018-01-06 00:16:24','2018-01-06 00:16:24'),
(466,'Angka Kelulusan Paket A',85,'2018-01-06 00:16:24','2018-01-06 00:16:24'),
(467,'Angka Kelulusan Paket B',85,'2018-01-06 00:16:24','2018-01-06 00:16:24'),
(468,'Angka Kelulusan Paket C',85,'2018-01-06 00:16:24','2018-01-06 00:16:24'),
(479,'Persentase kepala sekolah jenjang SD dan SMP yang telah mengikuti diklat calon kepala sekolah',85,'2018-01-06 00:16:24','2018-01-06 00:16:24'),
(480,'jumlah TK terakreditasi',85,'2018-01-06 00:16:24','2018-01-06 00:16:24'),
(481,'jumlah SD terakreditasi',85,'2018-01-06 00:16:24','2018-01-06 00:16:24'),
(482,'jumlah SMP terakreditasi',85,'2018-01-06 00:16:24','2018-01-06 00:16:24'),
(483,'jumlah PAUD terakreditasi',85,'2018-01-06 00:16:24','2018-01-06 00:16:24'),
(484,'jumlah LKP terakreditasi',85,'2018-01-06 00:16:24','2018-01-06 00:16:24'),
(485,'jumlah PKBM terakreditasi',85,'2018-01-06 00:16:24','2018-01-06 00:16:24'),
(488,'SOP yang mengatur tata kelola organisasi dan pelayanan publik',86,'2018-01-06 00:16:24','2018-01-06 00:16:24'),
(489,'Jumlah Aplikasi yang dikembangkan untuk meningkatkan efektifitas manajemen pendidikan',86,'2018-01-06 00:16:24','2018-01-06 00:16:24'),
(491,'Perda Dokumen RDTR',87,'2018-01-06 00:16:24','2018-01-06 00:16:24'),
(492,'Dokumen RTBL',87,'2018-01-06 00:16:24','2018-01-06 00:16:24'),
(493,'Dokumen Pengawasan dan Pengendalian pemanfaatan Ruang',87,'2018-01-06 00:16:24','2018-01-06 00:16:24'),
(494,'mekanisme dan Tata cara perizinan dalam rangka pemanfaatan dan penataan ruang',87,'2018-01-06 00:16:24','2018-01-06 00:16:24'),
(495,'Ruang Terbuka Hijau (RTH)',87,'2018-01-06 00:16:24','2018-01-06 00:16:24'),
(496,'masterplan pertamanan dan pemakaman',87,'2018-01-06 00:16:24','2018-01-06 00:16:24'),
(497,'Penanganan Tanggap Darurat',88,'2018-01-06 00:16:24','2018-01-06 00:16:24'),
(498,'Terpenuhi dan terdistribusikannya kebutuhan logistik untuk korban bencana',88,'2018-01-06 00:16:24','2018-01-06 00:16:24'),
(499,'jumlah pelaksanaan upaya mitigasi bencana',88,'2018-01-06 00:16:24','2018-01-06 00:16:24'),
(500,'Terselenggaranya Rehabilitasi dan Rekonstruksi pasca bencana',88,'2018-01-06 00:16:24','2018-01-06 00:16:24'),
(501,'Cakupan pelayanan bencana kebakaran di kabupaten',89,'2018-01-06 00:16:24','2018-01-06 00:16:24'),
(502,'tingkat waktu tanggap (respone time rate) daerah layanan WMK',89,'2018-01-06 00:16:24','2018-01-06 00:16:24'),
(503,'persentase aparatur pemadam kebakaran yang memenuhi standar kualifikasi',89,'2018-01-06 00:16:24','2018-01-06 00:16:24'),
(504,'jumlah mobil pemadam kebakaran di atas 3500-5000 liter pada WMK',89,'2018-01-06 00:16:24','2018-01-06 00:16:24'),
(505,'Jumlah Sumber daya manusia yang terlatih dan sigap dalam upaya mitigasi bencana kebakaran',89,'2018-01-06 00:16:24','2018-01-06 00:16:24'),
(506,'tingkat kemantapan jalan kabupaten ',90,'2018-01-06 00:16:24','2018-01-06 00:16:24'),
(507,'pelayanan informasi tentang Infrastruktur',90,'2018-01-06 00:16:24','2018-01-06 00:16:24'),
(508,'ketersediaan sarana pengelolaan jalan',90,'2018-01-06 00:16:24','2018-01-06 00:16:24'),
(509,'Terbangunnya ruas jalan baru (Pembangunan jalan lingkar utara sukabumi (Cicurug - Cibadak)',90,'2018-01-06 00:16:24','2018-01-06 00:16:24'),
(510,'Tingkat kondisi baik jaringan irigasi di daerah irigasi kewenangan kabupaten',91,'2018-01-06 00:16:24','2018-01-06 00:16:24'),
(511,'tingkat penanganan darurat infrastruktur Sumberdaya air dan irigasi yang terkena bencana alam',91,'2018-01-06 00:16:24','2018-01-06 00:16:24'),
(512,'Cakupan layanan air minum perdesaan',92,'2018-01-06 00:16:24','2018-01-06 00:16:24'),
(513,'cakupan pelayanan air minum perkotaan',92,'2018-01-06 00:16:24','2018-01-06 00:16:24'),
(514,'cakupan pelayanan air limbah domestik',92,'2018-01-06 00:16:24','2018-01-06 00:16:24'),
(515,'Persentase pengurangan sampah perkotaan',92,'2018-01-06 00:16:24','2018-01-06 00:16:24'),
(516,'Persentase pengangkutan sampah',92,'2018-01-06 00:16:24','2018-01-06 00:16:24'),
(517,'Persentase pengoperasian TPA',92,'2018-01-06 00:16:24','2018-01-06 00:16:24'),
(518,'kawasan kumuh',92,'2018-01-06 00:16:24','2018-01-06 00:16:24'),
(519,'Tersedianya Pelayanan Jaringan Drainase Skala Kawasan dan Skala Kota',92,'2018-01-06 00:16:24','2018-01-06 00:16:24'),
(520,'Pengurangan Luas Genangan',92,'2018-01-06 00:16:24','2018-01-06 00:16:24'),
(521,'cakupan rumah layak huni',93,'2018-01-06 00:16:24','2018-01-06 00:16:24'),
(522,'Cakupan Lingkungan Yang Sehat dan Aman yang didukung dengan PSU',93,'2018-01-06 00:16:24','2018-01-06 00:16:24'),
(523,'cakupan pelayanan  informasi jasa konstruksi',94,'2018-01-06 00:16:24','2018-01-06 00:16:24'),
(524,'cakupan pelayanan Izin Usaha Jasa Konstruksi (IUJK) ',94,'2018-01-06 00:16:24','2018-01-06 00:16:24'),
(525,'Perlengkapan Jalan',95,'2018-01-06 00:16:24','2018-01-06 00:16:24'),
(526,'Penerangan Jalan Umum',95,'2018-01-06 00:16:24','2018-01-06 00:16:24'),
(527,'Terminal dan Halte',95,'2018-01-06 00:16:24','2018-01-06 00:16:24'),
(528,'Kawasan Parkir',95,'2018-01-06 00:16:24','2018-01-06 00:16:24'),
(529,'Pelabuhan Angkutan Sungai Danau dan Penyeberangan (ASDP)',95,'2018-01-06 00:16:24','2018-01-06 00:16:24'),
(530,'Pelabuhan Laut Lokal',95,'2018-01-06 00:16:24','2018-01-06 00:16:24'),
(531,'Navigasi Pelayaran',95,'2018-01-06 00:16:24','2018-01-06 00:16:24'),
(532,'Perlintasan Sebidang Kereta Api dan Jalan',95,'2018-01-06 00:16:24','2018-01-06 00:16:24'),
(533,'Kendaraan Angkutan Umum Perintis',95,'2018-01-06 00:16:24','2018-01-06 00:16:24'),
(534,'Kendaraan/Kapal Perintis',95,'2018-01-06 00:16:24','2018-01-06 00:16:24'),
(535,'Kapal Patroli Perairan',95,'2018-01-06 00:16:24','2018-01-06 00:16:24'),
(536,'Bus Sekolah',95,'2018-01-06 00:16:24','2018-01-06 00:16:24'),
(537,'Kendaraan Angkutan Umum Massal',95,'2018-01-06 00:16:24','2018-01-06 00:16:24'),
(538,'Kendaraan Derek dan Skylift',95,'2018-01-06 00:16:24','2018-01-06 00:16:24'),
(539,'CCTV dan VMS Pemantau Lalu Lintas',95,'2018-01-06 00:16:24','2018-01-06 00:16:24'),
(540,'Kendaraan Pengujian Kendaraan Bermotor Keliling',95,'2018-01-06 00:16:24','2018-01-06 00:16:24'),
(541,'Kecepatan rata rata jaringan transportasi jalan',96,'2018-01-06 00:16:24','2018-01-06 00:16:24'),
(542,'jumlah kegiatan patroli perairan',96,'2018-01-06 00:16:24','2018-01-06 00:16:24'),
(543,'Pengawasan LLAJ',96,'2018-01-06 00:16:24','2018-01-06 00:16:24'),
(544,'Pelayanan Perizinan Perhubungan',96,'2018-01-06 00:16:24','2018-01-06 00:16:24'),
(545,'Pengawasan Awak Angkutan Perairan',96,'2018-01-06 00:16:24','2018-01-06 00:16:24'),
(546,'Rasio panjang jalan yang di lalui angkutan umum',96,'2018-01-06 00:16:24','2018-01-06 00:16:24'),
(547,'Tingkat muat penumpang angkutan umum (Load Faktor)',96,'2018-01-06 00:16:24','2018-01-06 00:16:24'),
(548,'produk hukum bidang perhubungan',96,'2018-01-06 00:16:24','2018-01-06 00:16:24'),
(549,'Jumlah angkutan umum yang memiliki Izin Trayek',96,'2018-01-06 00:16:24','2018-01-06 00:16:24'),
(550,'Jumlah Kawasan Tertib Lalu Lintas (KTL)',96,'2018-01-06 00:16:24','2018-01-06 00:16:24'),
(551,'Jumlah Kendaraan yang melaksanakan Pengujian terhadap jumlah TKWU',97,'2018-01-06 00:16:24','2018-01-06 00:16:24'),
(552,'Peralatan Pengujian Kend Bermotor',97,'2018-01-06 00:16:24','2018-01-06 00:16:24'),
(553,'Emisi Gas Buang',97,'2018-01-06 00:16:24','2018-01-06 00:16:24'),
(554,'Pelopor Keselamatan Lalu Lintas',97,'2018-01-06 00:16:24','2018-01-06 00:16:24'),
(555,'Penanganan Pengaduan Lingkungan Hidup',98,'2018-01-06 00:16:24','2018-01-06 00:16:24'),
(556,'Jumlah Masyarakat, Lembaga/Kelompok Masyarakat, Stakeholders dalam Pengelolaan Lingkungan Hidup',98,'2018-01-06 00:16:24','2018-01-06 00:16:24'),
(557,'menurunnya jumlah pencemaran air sungai',98,'2018-01-06 00:16:24','2018-01-06 00:16:24'),
(558,'menurunnya jumlah pencemaran udara',98,'2018-01-06 00:16:24','2018-01-06 00:16:24'),
(559,'tertanganinya izin lingkungan dan izin PPLH',98,'2018-01-06 00:16:24','2018-01-06 00:16:24'),
(560,'menurunnya pencemaran akibat limbah B3 dan sampah',98,'2018-01-06 00:16:24','2018-01-06 00:16:24'),
(561,'Persentase Peningkatan Pengelolaan Tutupan Lahan (Vegetasi)',99,'2018-01-06 00:16:24','2018-01-06 00:16:24'),
(562,'Persentase Peningkatan Pengelolaan Taman Keanekaragaman Hayati',99,'2018-01-06 00:16:24','2018-01-06 00:16:24'),
(563,'Persentase Peningkatan Pengelolaan dan Rehabilitasi Ekosistem dan Sumber Daya Pesisir',100,'2018-01-06 00:16:24','2018-01-06 00:16:24'),
(564,'persentase tingkat kondisi jalan kabupaten baik dan sedang',90,'2018-01-06 00:16:24','2018-01-06 00:16:24'),
(565,'Persentase terhubungnya pusat - pusat kegiatan dan pusat produksi di wilayah kabupaten',90,'2018-01-06 00:16:24','2018-01-06 00:16:24'),
(568,'Peningkatan kapasitas lembaga pengelola irigasi baik SDM, regulasi maupun sarana prasarananya',91,'2018-01-06 00:16:24','2018-01-06 00:16:24'),
(569,'Tingkat kondisi infrastruktur sumber daya air dalam rangka konservasi sungai, danau dan sumber daya air lainnya',91,'2018-01-06 00:16:24','2018-01-06 00:16:24'),
(570,'Tersedianya simpul jaringan transportasi berbasis jalan dan keretaapi',105,'2018-01-06 00:16:24','2018-01-06 00:16:24'),
(571,'Tersedianya perlengkapan Jalan (Fasilitas Lalu lintas dan PJU)',105,'2018-01-06 00:16:24','2018-01-06 00:16:24'),
(572,'Tersedianya simpul jaringan transportasi berbasis perairan',105,'2018-01-06 00:16:24','2018-01-06 00:16:24'),
(573,'Tersedianya navigasi dan fasilitas keselamatan pelayaran',105,'2018-01-06 00:16:24','2018-01-06 00:16:24'),
(574,'Tersedianya sarana angkutan umum publik dan operasional perhubungan',105,'2018-01-06 00:16:24','2018-01-06 00:16:24'),
(575,'Menurunnya tingkat kemacetan lalu lintas di jalan',105,'2018-01-06 00:16:24','2018-01-06 00:16:24'),
(576,'Menurunnya tingkat pelanggaran lalu lintas dan angkutan jalan',105,'2018-01-06 00:16:24','2018-01-06 00:16:24'),
(577,'meningkatnya pengawasan dan pengendalian perairan',105,'2018-01-06 00:16:24','2018-01-06 00:16:24'),
(578,'Meningkatnya kinerja angkutan umum',105,'2018-01-06 00:16:24','2018-01-06 00:16:24'),
(579,'Meningkatnya kualitas pelayanan perhubungan',105,'2018-01-06 00:16:24','2018-01-06 00:16:24'),
(580,'Meningkatnya jumlah kendaraan yang melaksanaan pengujian kendaraan bermotor',105,'2018-01-06 00:16:24','2018-01-06 00:16:24'),
(581,'Meningkatnya kualitas Peralatan Pengujian Kendaraan Bermotor',105,'2018-01-06 00:16:24','2018-01-06 00:16:24'),
(582,'Meningkatnya Pelopor Keselamatan Transportasi',105,'2018-01-06 00:16:24','2018-01-06 00:16:24'),
(583,'Meningkatnya pembinaan dan audit keselamatan transportasi',105,'2018-01-06 00:16:24','2018-01-06 00:16:24'),
(584,'Persentase Peningkatan Kompetensi Pegawai',37,'2018-01-06 00:16:24','2018-01-06 00:16:24'),
(585,'Tingkat partisipasi anggota KORPRI',37,'2018-01-06 00:16:24','2018-01-06 00:16:24'),
(586,'Persentase Pelanggaran Disiplin Pegawai',38,'2018-01-06 00:16:24','2018-01-06 00:16:24'),
(587,'Olahraga  rekreasi/tradisional',108,'2018-01-06 00:16:24','2018-01-06 00:16:24'),
(588,'Pengelolaan dan Pengembangan Pelestarian  Sejarah Purbakala, Museum dan Peninggalan Bawah Air',109,'2018-01-06 00:16:24','2018-01-06 00:16:24'),
(589,'Sarana dan prasarana kepemudaan',110,'2018-01-06 00:16:24','2018-01-06 00:16:24'),
(590,'Fasilitasi Pengadaan Barang dan Jasa Pemerintah secara Elektronik (LPSE)',60,'2018-01-06 00:16:24','2018-01-06 00:16:24'),
(591,'Penanganan WNI- Migran Bermasalah, Korban Perdagangan Orang dan Korban Tindak Kekerasan',32,'2018-01-06 00:16:24','2018-01-06 00:16:24'),
(593,'Pemenuhan Kebutuhan Dasar dan Jaminan Sosial bagi Masyarakat Miskin (Keluarga, Anak, Lanjut Usia, Disabilitas Berat) dan Korban Bencana',113,'2018-01-06 00:16:25','2018-01-06 00:16:25'),
(594,'Bimbingan, bantuan dan Pelestarian Nilai-nilai Keperintisan, Kepahlawanan dan Kesetiakawanan Sosial',31,'2018-01-06 00:16:25','2018-01-06 00:16:25'),
(595,'Bimbingan, Rehabilitasi dan Bantuan bagi Penyandang Disabilitas, Tuna Sosial, ANKN, ODHA, ABH dan BWBLP',32,'2018-01-06 00:16:25','2018-01-06 00:16:25'),
(596,'Perlindungan dan  Pelayanan bagi Masyarakat Miskin melalui Sistem Layanan dan Rujukan Terpadu (SLRT)/SELARAS',113,'2018-01-06 00:16:25','2018-01-06 00:16:25'),
(597,'Setiap SD/MI memiliki jumlah guru kelas yang cukup (rasio antara guru kelas dengan jumlah siswa 1 : 32 orang)',85,'2018-01-06 00:16:25','2018-01-06 00:16:25'),
(598,'Setiap SMP tersedia 1 (satu) orang guru untuk setiap mata pelajaran (11 mata pelajaran), dan untuk daerah khusus tersedia 1 (satu) orang guru untuk setiap rumpun mata pelajaran (7 rumpun)',85,'2018-01-06 00:16:25','2018-01-06 00:16:25'),
(599,'Jumlah guru yang memenuhi kualifikasi S1/D-IV di setiap SD/MI minimal 2 orang untuk setiap satuan pendidikan',85,'2018-01-06 00:16:25','2018-01-06 00:16:25'),
(600,'Di setiap SMP tersedia guru dengan kualifikasi akademik S-1 atau D-IV sebanyak 70% atau lebih (untuk daerah khusus sebanyak 40% atau lebih)',85,'2018-01-06 00:16:25','2018-01-06 00:16:25'),
(601,'Jumlah guru yang disertifikasi sebagai pendidik di SD/MI minimal 2 orang untuk setiap satuan pendidikan',85,'2018-01-06 00:16:25','2018-01-06 00:16:25'),
(602,'Di setiap SMP tersedia guru dengan kualifikasi akademik S-1 atau D-IV dan 35% atau lebih (untuk daerah khusus 20% atau lebih) dari keseluruhan guru telah memiliki sertifikat pendidik',85,'2018-01-06 00:16:25','2018-01-06 00:16:25'),
(603,'PTK PAUD yang lulus KMD',85,'2018-01-06 00:16:25','2018-01-06 00:16:25'),
(604,'PTK SD yang lulus KMD',85,'2018-01-06 00:16:25','2018-01-06 00:16:25'),
(605,'PTK SMP yang lulus KMD',85,'2018-01-06 00:16:25','2018-01-06 00:16:25'),
(606,'Setiap SD memiliki tenaga kependidikan terlatih dan bersertifikat',85,'2018-01-06 00:16:25','2018-01-06 00:16:25'),
(607,'Setiap SMP memiliki tenaga kependidikan terlatih dan bersertifikat',85,'2018-01-06 00:16:25','2018-01-06 00:16:25'),
(608,'Satuan Pendidikan Formal TK dan Jenjang pendidikan dasar yang terakreditasi minimal baik',85,'2018-01-06 00:16:25','2018-01-06 00:16:25'),
(609,'Satuan Pendidikan Nonformal yang terakreditasi minimal baik',85,'2018-01-06 00:16:25','2018-01-06 00:16:25'),
(610,'Jumlah Basis Data Pendidikan (Berbasis Sekolah dan Berbasis Masyarakat)',86,'2018-01-06 00:16:25','2018-01-06 00:16:25'),
(611,'Jumlah Dokumen Rencana dan Pelaporan Pendidikan',86,'2018-01-06 00:16:25','2018-01-06 00:16:25'),
(612,'Jumlah SOP Pendidikan',115,'2018-01-06 00:16:25','2018-01-06 00:16:25'),
(613,'Jumlah SD yang memenuhi SPM',85,'2018-01-06 00:16:25','2018-01-06 00:16:25'),
(614,'Jumlah SMP yang memenuhi SPM',85,'2018-01-06 00:16:25','2018-01-06 00:16:25'),
(615,'SD yang biaya operasionalnya terbantu dana APBD',85,'2018-01-06 00:16:25','2018-01-06 00:16:25'),
(616,'SMP yang biaya operasionalnya terbantu dana APBD',85,'2018-01-06 00:16:25','2018-01-06 00:16:25'),
(617,'APK PAUD (3-6 tahun)',85,'2018-01-06 00:16:25','2018-01-06 00:16:25'),
(619,'Pembinaan Terhadap Stakeholder Pariwisata: Lembaga',106,'2018-01-06 00:16:25','2018-01-06 00:16:25'),
(620,'Pembinaan Terhadap Stakeholder Pariwisata: Masyarakat Pariwisata',106,'2018-01-06 00:16:25','2018-01-06 00:16:25'),
(621,'Meningkatnya kunjungan wisatawan lokal',107,'2018-01-06 00:16:25','2018-01-06 00:16:25'),
(622,'Meningkatnya kunjungan wisatawan mancanegara',107,'2018-01-06 00:16:25','2018-01-06 00:16:25'),
(623,'Event wisata',107,'2018-01-06 00:16:25','2018-01-06 00:16:25'),
(624,'Terintegrasinya Sistem Informasi Manajemen Pemda berbasis IT',60,'2018-01-06 00:16:25','2018-01-06 00:16:25'),
(625,'Penyampaian informasi publik melalui jalinan komunikasi dan kerjasama dengan media',117,'2018-01-06 00:16:25','2018-01-06 00:16:25'),
(626,'Rakor lembaga keagamaan Kabupaten dan Kecamatan',24,'2018-01-06 00:16:25','2018-01-06 00:16:25'),
(627,'Jumlah PNS yang mengikuti pendidikan dan pelatihan kepemimpinan',37,'2018-01-06 00:16:25','2018-01-06 00:16:25'),
(628,'Izin Usaha yang diterbitkan (Kawasan)',13,'2018-01-06 00:16:25','2018-01-06 00:16:25'),
(629,'Terbangunnya ruas jalan baru Pembangunan jalan lingkar utara sukabumi (Sukaraja-Sukalarang)',90,'2018-01-06 00:16:25','2018-01-06 00:16:25'),
(630,'Terbangunnya ruas jalan baru Pembangunan jalan lintas Palabuhanratu - Cisolok',90,'2018-01-06 00:16:25','2018-01-06 00:16:25'),
(631,'Terbangunnya ruas jalan baru Pembangunan jalan Cibutun - Balewer',90,'2018-01-06 00:16:25','2018-01-06 00:16:25'),
(632,'Terbangunnya ruas jalan baru Pembangunan jalan Situhiang - Mareleng',90,'2018-01-06 00:16:25','2018-01-06 00:16:25'),
(633,'Ratio pembantu pembina  keluarga berencana (PPKBD) 1 (satu) petugas di setiap desa/kelurahan',82,'2018-01-06 00:16:25','2018-01-06 00:16:25'),
(634,'Jumlah Percontohan Sekolah Sehat disetiap jenjang satuan pendidikan',86,'2018-01-06 00:16:25','2018-01-06 00:16:25'),
(635,'Jumlah dokumen rencana manajemen pengembangan kurikulum dan proses pembelajaran yang efektif',86,'2018-01-06 00:16:25','2018-01-06 00:16:25'),
(636,'Skor LAKIP minimal 80',86,'2018-01-06 00:16:25','2018-01-06 00:16:25'),
(637,'Cakupan Lingkungan Yang Sehat dan Aman yang didukung dengan PSU',93,'2018-01-06 00:16:25','2018-01-06 00:16:25'),
(638,'Prosentasi Rekomendasi Hasil Pemeriksaan Reguler',101,'2018-01-06 00:16:25','2018-01-06 00:16:25');

/*Table structure for table `jenis_opd` */

DROP TABLE IF EXISTS `jenis_opd`;

CREATE TABLE `jenis_opd` (
  `id` int(10) unsigned NOT NULL AUTO_INCREMENT,
  `nama` varchar(255) COLLATE utf8_unicode_ci NOT NULL,
  `created_at` timestamp NULL DEFAULT NULL,
  `updated_at` timestamp NULL DEFAULT NULL,
  PRIMARY KEY (`id`)
) ENGINE=InnoDB AUTO_INCREMENT=5 DEFAULT CHARSET=utf8 COLLATE=utf8_unicode_ci;

/*Data for the table `jenis_opd` */

insert  into `jenis_opd`(`id`,`nama`,`created_at`,`updated_at`) values 
(1,'OPD','2018-01-06 00:16:25','2018-01-06 00:16:25'),
(2,'Kecamatan','2018-01-06 00:16:25','2018-01-06 00:16:25'),
(3,'Kelurahan','2018-01-06 00:16:25','2018-01-06 00:16:25'),
(4,'Desa','2018-01-06 00:16:25','2018-01-06 00:16:25');

/*Table structure for table `kegiatan` */

DROP TABLE IF EXISTS `kegiatan`;

CREATE TABLE `kegiatan` (
  `id` int(10) unsigned NOT NULL AUTO_INCREMENT,
  `kode` tinyint(4) NOT NULL,
  `nama` varchar(255) COLLATE utf8_unicode_ci NOT NULL,
  `deskripsi` varchar(255) COLLATE utf8_unicode_ci DEFAULT NULL,
  `keyword` varchar(255) COLLATE utf8_unicode_ci DEFAULT NULL,
  `program_id` int(10) unsigned NOT NULL,
  `indikator_sasaran_id` int(10) unsigned NOT NULL,
  `jenis_kegiatan` varchar(4) COLLATE utf8_unicode_ci NOT NULL,
  `created_at` timestamp NULL DEFAULT NULL,
  `updated_at` timestamp NULL DEFAULT NULL,
  PRIMARY KEY (`id`),
  UNIQUE KEY `kegiatan_nama_unique` (`nama`),
  KEY `kegiatan_program_id_foreign` (`program_id`),
  KEY `kegiatan_indikator_sasaran_id_foreign` (`indikator_sasaran_id`),
  CONSTRAINT `kegiatan_indikator_sasaran_id_foreign` FOREIGN KEY (`indikator_sasaran_id`) REFERENCES `indikator_sasaran` (`id`) ON DELETE CASCADE ON UPDATE CASCADE,
  CONSTRAINT `kegiatan_program_id_foreign` FOREIGN KEY (`program_id`) REFERENCES `program` (`id`) ON DELETE CASCADE ON UPDATE CASCADE
) ENGINE=InnoDB DEFAULT CHARSET=utf8 COLLATE=utf8_unicode_ci;

/*Data for the table `kegiatan` */

/*Table structure for table `misi` */

DROP TABLE IF EXISTS `misi`;

CREATE TABLE `misi` (
  `id` int(10) unsigned NOT NULL AUTO_INCREMENT,
  `nama` varchar(255) COLLATE utf8_unicode_ci DEFAULT NULL,
  `urutan` smallint(6) NOT NULL,
  `visi_id` int(10) unsigned NOT NULL,
  `created_at` timestamp NULL DEFAULT NULL,
  `updated_at` timestamp NULL DEFAULT NULL,
  PRIMARY KEY (`id`),
  KEY `misi_visi_id_foreign` (`visi_id`),
  CONSTRAINT `misi_visi_id_foreign` FOREIGN KEY (`visi_id`) REFERENCES `visi` (`id`) ON DELETE CASCADE
) ENGINE=InnoDB AUTO_INCREMENT=5 DEFAULT CHARSET=utf8 COLLATE=utf8_unicode_ci;

/*Data for the table `misi` */

insert  into `misi`(`id`,`nama`,`urutan`,`visi_id`,`created_at`,`updated_at`) values 
(1,'Meningkatkan kemandirian ekonomi masyarakat berbasis potensi ekonomi lokal melalui sektor agribisnis pariwisata dan industri berwawasan lingkungan',1,1,'2018-01-06 00:16:21','2018-01-06 00:16:21'),
(2,'Mewujudkan sumber daya manusia yang berdaya saing tinggi dan religius',2,1,'2018-01-06 00:16:21','2018-01-06 00:16:21'),
(3,'Mewujudkan tata kelola pemerintahan yang bersih dan profesional',3,1,'2018-01-06 00:16:21','2018-01-06 00:16:21'),
(4,'Optimalisasi pelayanan publik khususnya di bidang kesehatan pendidikan dan infrastruktur',4,1,'2018-01-06 00:16:21','2018-01-06 00:16:21');

/*Table structure for table `opd` */

DROP TABLE IF EXISTS `opd`;

CREATE TABLE `opd` (
  `id` int(10) unsigned NOT NULL AUTO_INCREMENT,
  `kode` varchar(11) COLLATE utf8_unicode_ci NOT NULL,
  `nama` varchar(255) COLLATE utf8_unicode_ci NOT NULL,
  `jenis_opd_id` int(10) unsigned NOT NULL,
  `created_at` timestamp NULL DEFAULT NULL,
  `updated_at` timestamp NULL DEFAULT NULL,
  PRIMARY KEY (`id`),
  UNIQUE KEY `opd_kode_unique` (`kode`),
  KEY `opd_jenis_opd_id_foreign` (`jenis_opd_id`),
  CONSTRAINT `opd_jenis_opd_id_foreign` FOREIGN KEY (`jenis_opd_id`) REFERENCES `jenis_opd` (`id`) ON DELETE CASCADE ON UPDATE CASCADE
) ENGINE=InnoDB AUTO_INCREMENT=473 DEFAULT CHARSET=utf8 COLLATE=utf8_unicode_ci;

/*Data for the table `opd` */

insert  into `opd`(`id`,`kode`,`nama`,`jenis_opd_id`,`created_at`,`updated_at`) values 
(1,'1','DINAS KESEHATAN',1,'2018-01-06 00:16:25','2018-01-06 00:16:25'),
(2,'2','RSUD SEKARWANGI',1,'2018-01-06 00:16:25','2018-01-06 00:16:25'),
(3,'3','RSUD PALABUHANRATU',1,'2018-01-06 00:16:25','2018-01-06 00:16:25'),
(4,'4','DINAS LINGKUNGAN HIDUP',1,'2018-01-06 00:16:25','2018-01-06 00:16:25'),
(5,'5','DINAS SOSIAL',1,'2018-01-06 00:16:25','2018-01-06 00:16:25'),
(6,'6','BADAN PENANGGULANGAN BENCANA DAERAH',1,'2018-01-06 00:16:25','2018-01-06 00:16:25'),
(7,'7','DINAS TENAGA KERJA DAN TRANSMIGRASI',1,'2018-01-06 00:16:25','2018-01-06 00:16:25'),
(8,'8','SATUAN POLISI PAMONG PRAJA',1,'2018-01-06 00:16:25','2018-01-06 00:16:25'),
(9,'9','KANTOR KESATUAN BANGSA DAN POLITIK',1,'2018-01-06 00:16:25','2018-01-06 00:16:25'),
(10,'10','SEKRETARIAT DPRD',1,'2018-01-06 00:16:25','2018-01-06 00:16:25'),
(11,'11','INSPEKTORAT',1,'2018-01-06 00:16:25','2018-01-06 00:16:25'),
(12,'12','BADAN KEPEGAWAIAN DAN PENGEMBANGAN SUMBER DAYA MANUSIA',1,'2018-01-06 00:16:25','2018-01-06 00:16:25'),
(13,'13','DINAS KELAUTAN DAN PERIKANAN',1,'2018-01-06 00:16:25','2018-01-06 00:16:25'),
(14,'14','DINAS PETERNAKAN',1,'2018-01-06 00:16:25','2018-01-06 00:16:25'),
(15,'15','SEKRETARIAT DAERAH',1,'2018-01-06 00:16:25','2018-01-06 00:16:25'),
(16,'16','BADAN PENGELOLAAN KEUANGAN DAN ASET DAERAH',1,'2018-01-06 00:16:25','2018-01-06 00:16:25'),
(17,'17','DINAS KEARSIPAN DAN PERPUSTAKAAN',1,'2018-01-06 00:16:25','2018-01-06 00:16:25'),
(18,'18','DINAS KEBUDAYAAN KEPEMUDAAN DAN OLAH RAGA',1,'2018-01-06 00:16:25','2018-01-06 00:16:25'),
(19,'19','BADAN PENDAPATAN DAERAH',1,'2018-01-06 00:16:25','2018-01-06 00:16:25'),
(20,'20','BADAN PERENCANAAN PEMBANGUNAN DAERAH',1,'2018-01-06 00:16:25','2018-01-06 00:16:25'),
(21,'21','DINAS KETAHANAN PANGAN',1,'2018-01-06 00:16:25','2018-01-06 00:16:25'),
(22,'22','DINAS KOMUNIKASI INFORMATIKA DAN PERSANDIAN',1,'2018-01-06 00:16:25','2018-01-06 00:16:25'),
(23,'23','DINAS PARIWISATA',1,'2018-01-06 00:16:25','2018-01-06 00:16:25'),
(24,'24','DINAS PEKERJAAN UMUM',1,'2018-01-06 00:16:25','2018-01-06 00:16:25'),
(25,'25','DINAS PEMADAM KEBAKARAN',1,'2018-01-06 00:16:25','2018-01-06 00:16:25'),
(26,'26','DINAS PEMBERDAYAAN MASYARAKAT DAN DESA',1,'2018-01-06 00:16:25','2018-01-06 00:16:25'),
(27,'27','DINAS PEMBERDAYAAN PEREMPUAN DAN PERLINDUNGAN ANAK',1,'2018-01-06 00:16:25','2018-01-06 00:16:25'),
(28,'28','DINAS PENANAMAN MODAL DAN PERIZINAN TERPADU SATU PINTU',1,'2018-01-06 00:16:25','2018-01-06 00:16:25'),
(29,'29','DINAS PENDIDIKAN',1,'2018-01-06 00:16:25','2018-01-06 00:16:25'),
(30,'30','DINAS PERDAGANGAN KOPERASI USAHA KECIL DAN MENENGAH',1,'2018-01-06 00:16:25','2018-01-06 00:16:25'),
(31,'31','DINAS PERHUBUNGAN',1,'2018-01-06 00:16:25','2018-01-06 00:16:25'),
(32,'32','DINAS PERINDUSTRIAN DAN ENERGI SUMBER DAYA MINERAL',1,'2018-01-06 00:16:25','2018-01-06 00:16:25'),
(33,'33','DINAS PERTANAHAN DAN TATA RUANG',1,'2018-01-06 00:16:25','2018-01-06 00:16:25'),
(34,'34','DINAS PERTANIAN',1,'2018-01-06 00:16:25','2018-01-06 00:16:25'),
(35,'35','DINAS PERUMAHAN RAKYAT KAWASAN PERMUKIMAN DAN KEBERSIHAN',1,'2018-01-06 00:16:25','2018-01-06 00:16:25'),
(36,'36','DINAS PENGENDALIAN PENDUDUK DAN KELUARGA BERENCANA',1,'2018-01-06 00:16:25','2018-01-06 00:16:25'),
(37,'37','DINAS KEPENDUDUKAN DAN PENCATATAN SIPIL',1,'2018-01-06 00:16:25','2018-01-06 00:16:25'),
(38,'3202221','CIAMBAR',2,'2018-01-06 00:16:25','2018-01-06 00:16:25'),
(39,'3202200','CISAAT',2,'2018-01-06 00:16:25','2018-01-06 00:16:25'),
(40,'3202220','NAGRAK',2,'2018-01-06 00:16:25','2018-01-06 00:16:25'),
(41,'3202240','CIDAHU',2,'2018-01-06 00:16:25','2018-01-06 00:16:25'),
(42,'3202260','PARUNG KUDA',2,'2018-01-06 00:16:25','2018-01-06 00:16:25'),
(43,'3202050','KALI BUNDER',2,'2018-01-06 00:16:25','2018-01-06 00:16:25'),
(44,'3202060','TEGAL BULEUD',2,'2018-01-06 00:16:25','2018-01-06 00:16:25'),
(45,'3202230','CICURUG',2,'2018-01-06 00:16:25','2018-01-06 00:16:25'),
(46,'3202081','CIDADAP',2,'2018-01-06 00:16:25','2018-01-06 00:16:25'),
(47,'3202130','JAMPANG TENGAH',2,'2018-01-06 00:16:25','2018-01-06 00:16:25'),
(48,'3202121','BANTARGADUNG',2,'2018-01-06 00:16:25','2018-01-06 00:16:25'),
(49,'3202120','WARUNG KIARA',2,'2018-01-06 00:16:25','2018-01-06 00:16:25'),
(50,'3202090','PABUARAN',2,'2018-01-06 00:16:25','2018-01-06 00:16:25'),
(51,'3202031','CIBITUNG',2,'2018-01-06 00:16:25','2018-01-06 00:16:25'),
(52,'3202210','CIBADAK',2,'2018-01-06 00:16:25','2018-01-06 00:16:25'),
(53,'3202172','CIREUNGHAS',2,'2018-01-06 00:16:25','2018-01-06 00:16:25'),
(54,'3202261','BOJONG GENTENG',2,'2018-01-06 00:16:25','2018-01-06 00:16:25'),
(55,'3202140','CIKEMBAR',2,'2018-01-06 00:16:25','2018-01-06 00:16:25'),
(56,'3202040','JAMPANG KULON',2,'2018-01-06 00:16:25','2018-01-06 00:16:25'),
(57,'3202082','CURUGKEMBAR',2,'2018-01-06 00:16:25','2018-01-06 00:16:25'),
(58,'3202250','PARAKAN SALAK',2,'2018-01-06 00:16:25','2018-01-06 00:16:25'),
(59,'3202150','NYALINDUNG',2,'2018-01-06 00:16:25','2018-01-06 00:16:25'),
(60,'3202171','KEBONPEDES',2,'2018-01-06 00:16:25','2018-01-06 00:16:25'),
(61,'3202041','CIMANGGU',2,'2018-01-06 00:16:25','2018-01-06 00:16:25'),
(62,'3202280','CIKIDANG',2,'2018-01-06 00:16:25','2018-01-06 00:16:25'),
(63,'3202030','SURADE',2,'2018-01-06 00:16:25','2018-01-06 00:16:25'),
(64,'3202110','PALABUHANRATU',2,'2018-01-06 00:16:25','2018-01-06 00:16:25'),
(65,'3202160','GEGER BITUNG',2,'2018-01-06 00:16:25','2018-01-06 00:16:25'),
(66,'3202290','CISOLOK',2,'2018-01-06 00:16:25','2018-01-06 00:16:25'),
(67,'3202212','CARINGIN',2,'2018-01-06 00:16:25','2018-01-06 00:16:25'),
(68,'3202021','WALURAN',2,'2018-01-06 00:16:25','2018-01-06 00:16:25'),
(69,'3202300','KABANDUNGAN',2,'2018-01-06 00:16:25','2018-01-06 00:16:25'),
(70,'3202080','SAGARANTEN',2,'2018-01-06 00:16:25','2018-01-06 00:16:25'),
(71,'3202010','CIEMAS',2,'2018-01-06 00:16:25','2018-01-06 00:16:25'),
(72,'3202201','GUNUNGGURUH',2,'2018-01-06 00:16:25','2018-01-06 00:16:25'),
(73,'3202111','SIMPENAN',2,'2018-01-06 00:16:25','2018-01-06 00:16:25'),
(74,'3202211','CICANTAYAN',2,'2018-01-06 00:16:25','2018-01-06 00:16:25'),
(75,'3202131','PURABAYA',2,'2018-01-06 00:16:25','2018-01-06 00:16:25'),
(76,'3202070','CIDOLOG',2,'2018-01-06 00:16:25','2018-01-06 00:16:25'),
(77,'3202190','KADUDAMPIT',2,'2018-01-06 00:16:25','2018-01-06 00:16:25'),
(78,'3202291','CIKAKAK',2,'2018-01-06 00:16:25','2018-01-06 00:16:25'),
(79,'3202020','CIRACAP',2,'2018-01-06 00:16:25','2018-01-06 00:16:25'),
(80,'3202100','LENGKONG',2,'2018-01-06 00:16:25','2018-01-06 00:16:25'),
(81,'3202173','SUKALARANG',2,'2018-01-06 00:16:25','2018-01-06 00:16:25'),
(82,'3202170','SUKARAJA',2,'2018-01-06 00:16:25','2018-01-06 00:16:25'),
(83,'3202270','KALAPA NUNGGAL',2,'2018-01-06 00:16:25','2018-01-06 00:16:25'),
(84,'3202180','SUKABUMI',2,'2018-01-06 00:16:25','2018-01-06 00:16:25'),
(85,'3202210011','CIBADAK',3,'2018-01-06 00:16:25','2018-01-06 00:16:25'),
(86,'3202230009','CICURUG',3,'2018-01-06 00:16:25','2018-01-06 00:16:25'),
(87,'3202040006','JAMPANG KULON',3,'2018-01-06 00:16:25','2018-01-06 00:16:25'),
(88,'3202250005','LEBAKSARI',3,'2018-01-06 00:16:25','2018-01-06 00:16:25'),
(89,'3202110006','PALABUHANRATU',3,'2018-01-06 00:16:25','2018-01-06 00:16:25'),
(90,'3202030013','SURADE',3,'2018-01-06 00:16:25','2018-01-06 00:16:25'),
(91,'3202221006','AMBARJAYA',4,'2018-01-06 00:16:25','2018-01-06 00:16:25'),
(92,'3202200009','BABAKAN',4,'2018-01-06 00:16:25','2018-01-06 00:16:25'),
(93,'3202220008','BABAKAN PANJANG',4,'2018-01-06 00:16:25','2018-01-06 00:16:25'),
(94,'3202240004','BABAKAN PARI',4,'2018-01-06 00:16:25','2018-01-06 00:16:25'),
(95,'3202260012','BABAKANJAYA',4,'2018-01-06 00:16:25','2018-01-06 00:16:25'),
(96,'3202050006','BALEKAMBANG',4,'2018-01-06 00:16:25','2018-01-06 00:16:25'),
(97,'3202220002','BALEKAMBANG',4,'2018-01-06 00:16:25','2018-01-06 00:16:25'),
(98,'3202060007','BANGBAYANG',4,'2018-01-06 00:16:25','2018-01-06 00:16:25'),
(99,'3202230005','BANGBAYANG',4,'2018-01-06 00:16:25','2018-01-06 00:16:25'),
(100,'3202081004','BANJARSARI',4,'2018-01-06 00:16:25','2018-01-06 00:16:25'),
(101,'3202130013','BANTAR AGUNG',4,'2018-01-06 00:16:25','2018-01-06 00:16:25'),
(102,'3202121003','BANTARGADUNG',4,'2018-01-06 00:16:25','2018-01-06 00:16:25'),
(103,'3202121001','BANTARGEBANG',4,'2018-01-06 00:16:25','2018-01-06 00:16:25'),
(104,'3202120003','BANTARKALONG',4,'2018-01-06 00:16:25','2018-01-06 00:16:25'),
(105,'3202130001','BANTARPANJANG',4,'2018-01-06 00:16:25','2018-01-06 00:16:25'),
(106,'3202090006','BANTARSARI',4,'2018-01-06 00:16:25','2018-01-06 00:16:25'),
(107,'3202031005','BANYUMURNI',4,'2018-01-06 00:16:25','2018-01-06 00:16:25'),
(108,'3202031003','BANYUWANGI',4,'2018-01-06 00:16:25','2018-01-06 00:16:25'),
(109,'3202210009','BATUNUNGGAL',4,'2018-01-06 00:16:25','2018-01-06 00:16:25'),
(110,'3202172003','BENCOY',4,'2018-01-06 00:16:25','2018-01-06 00:16:25'),
(111,'3202230012','BENDA',4,'2018-01-06 00:16:25','2018-01-06 00:16:25'),
(112,'3202261001','BEREKAH',4,'2018-01-06 00:16:25','2018-01-06 00:16:25'),
(113,'3202050005','BOJONG',4,'2018-01-06 00:16:25','2018-01-06 00:16:25'),
(114,'3202140005','BOJONG',4,'2018-01-06 00:16:25','2018-01-06 00:16:25'),
(115,'3202261003','BOJONG GALING',4,'2018-01-06 00:16:25','2018-01-06 00:16:25'),
(116,'3202040002','BOJONG GENTENG',4,'2018-01-06 00:16:25','2018-01-06 00:16:25'),
(117,'3202261002','BOJONG GENTENG',4,'2018-01-06 00:16:25','2018-01-06 00:16:25'),
(118,'3202130012','BOJONG JENGKOL',4,'2018-01-06 00:16:25','2018-01-06 00:16:25'),
(119,'3202260009','BOJONG KOKOSAN',4,'2018-01-06 00:16:25','2018-01-06 00:16:25'),
(120,'3202082006','BOJONG TUGU',4,'2018-01-06 00:16:25','2018-01-06 00:16:25'),
(121,'3202250004','BOJONGASIH',4,'2018-01-06 00:16:25','2018-01-06 00:16:25'),
(122,'3202121002','BOJONGGALING',4,'2018-01-06 00:16:25','2018-01-06 00:16:25'),
(123,'3202150005','BOJONGKALONG',4,'2018-01-06 00:16:25','2018-01-06 00:16:25'),
(124,'3202140006','BOJONGKEMBAR',4,'2018-01-06 00:16:25','2018-01-06 00:16:25'),
(125,'3202120005','BOJONGKERTA',4,'2018-01-06 00:16:25','2018-01-06 00:16:25'),
(126,'3202250003','BOJONGLONGOK',4,'2018-01-06 00:16:25','2018-01-06 00:16:25'),
(127,'3202140010','BOJONGRAHARJA',4,'2018-01-06 00:16:25','2018-01-06 00:16:25'),
(128,'3202040003','BOJONGSARI',4,'2018-01-06 00:16:25','2018-01-06 00:16:25'),
(129,'3202150006','BOJONGSARI',4,'2018-01-06 00:16:25','2018-01-06 00:16:25'),
(130,'3202171005','BOJONGSAWAH',4,'2018-01-06 00:16:25','2018-01-06 00:16:25'),
(131,'3202130009','BOJONGTIPAR',4,'2018-01-06 00:16:25','2018-01-06 00:16:25'),
(132,'3202041001','BOREGAH INDAH',4,'2018-01-06 00:16:25','2018-01-06 00:16:25'),
(133,'3202121007','BOYONGSARI',4,'2018-01-06 00:16:25','2018-01-06 00:16:25'),
(134,'3202121006','BUANAJAYA',4,'2018-01-06 00:16:25','2018-01-06 00:16:25'),
(135,'3202280009','BUMISARI',4,'2018-01-06 00:16:25','2018-01-06 00:16:25'),
(136,'3202060002','BUNIASIH',4,'2018-01-06 00:16:25','2018-01-06 00:16:25'),
(137,'3202030002','BUNIWANGI',4,'2018-01-06 00:16:25','2018-01-06 00:16:25'),
(138,'3202110009','BUNIWANGI',4,'2018-01-06 00:16:25','2018-01-06 00:16:25'),
(139,'3202160006','BUNIWANGI',4,'2018-01-06 00:16:25','2018-01-06 00:16:25'),
(140,'3202060004','CALINGCING',4,'2018-01-06 00:16:25','2018-01-06 00:16:25'),
(141,'3202160007','CARINGIN',4,'2018-01-06 00:16:25','2018-01-06 00:16:25'),
(142,'3202230004','CARINGIN',4,'2018-01-06 00:16:25','2018-01-06 00:16:25'),
(143,'3202290017','CARINGIN',4,'2018-01-06 00:16:25','2018-01-06 00:16:25'),
(144,'3202212004','CARINGIN KULON',4,'2018-01-06 00:16:25','2018-01-06 00:16:25'),
(145,'3202021001','CARINGIN NUNGGAL',4,'2018-01-06 00:16:25','2018-01-06 00:16:25'),
(146,'3202212005','CARINGIN WETAN',4,'2018-01-06 00:16:25','2018-01-06 00:16:25'),
(147,'3202221002','CIAMBAR',4,'2018-01-06 00:16:25','2018-01-06 00:16:25'),
(148,'3202300006','CIANAGA',4,'2018-01-06 00:16:25','2018-01-06 00:16:25'),
(149,'3202090004','CIBADAK',4,'2018-01-06 00:16:25','2018-01-06 00:16:25'),
(150,'3202080018','CIBAREGBEG',4,'2018-01-06 00:16:25','2018-01-06 00:16:25'),
(151,'3202140002','CIBATU',4,'2018-01-06 00:16:25','2018-01-06 00:16:25'),
(152,'3202200013','CIBATU',4,'2018-01-06 00:16:25','2018-01-06 00:16:25'),
(153,'3202010001','CIBENDA',4,'2018-01-06 00:16:25','2018-01-06 00:16:25'),
(154,'3202201005','CIBENTANG',4,'2018-01-06 00:16:25','2018-01-06 00:16:25'),
(155,'3202031002','CIBITUNG',4,'2018-01-06 00:16:25','2018-01-06 00:16:25'),
(156,'3202080012','CIBITUNG',4,'2018-01-06 00:16:25','2018-01-06 00:16:25'),
(157,'3202031004','CIBODAS',4,'2018-01-06 00:16:25','2018-01-06 00:16:25'),
(158,'3202110008','CIBODAS',4,'2018-01-06 00:16:25','2018-01-06 00:16:25'),
(159,'3202261004','CIBODAS',4,'2018-01-06 00:16:25','2018-01-06 00:16:25'),
(160,'3202201006','CIBOLANG',4,'2018-01-06 00:16:25','2018-01-06 00:16:25'),
(161,'3202200014','CIBOLANG KALER',4,'2018-01-06 00:16:25','2018-01-06 00:16:25'),
(162,'3202221005','CIBUNARJAYA',4,'2018-01-06 00:16:25','2018-01-06 00:16:25'),
(163,'3202111005','CIBUNTU',4,'2018-01-06 00:16:25','2018-01-06 00:16:25'),
(164,'3202290013','CICADAS',4,'2018-01-06 00:16:25','2018-01-06 00:16:25'),
(165,'3202211002','CICANTAYAN',4,'2018-01-06 00:16:25','2018-01-06 00:16:25'),
(166,'3202280010','CICAREUH',4,'2018-01-06 00:16:25','2018-01-06 00:16:25'),
(167,'3202131002','CICUKANG',4,'2018-01-06 00:16:25','2018-01-06 00:16:25'),
(168,'3202081002','CIDADAP',4,'2018-01-06 00:16:25','2018-01-06 00:16:25'),
(169,'3202111004','CIDADAP',4,'2018-01-06 00:16:25','2018-01-06 00:16:25'),
(170,'3202031001','CIDAHU',4,'2018-01-06 00:16:25','2018-01-06 00:16:25'),
(171,'3202240007','CIDAHU',4,'2018-01-06 00:16:25','2018-01-06 00:16:25'),
(172,'3202070001','CIDOLOG',4,'2018-01-06 00:16:25','2018-01-06 00:16:25'),
(173,'3202010005','CIEMAS',4,'2018-01-06 00:16:25','2018-01-06 00:16:25'),
(174,'3202160001','CIENGANG',4,'2018-01-06 00:16:25','2018-01-06 00:16:25'),
(175,'3202300005','CIHAMERANG',4,'2018-01-06 00:16:25','2018-01-06 00:16:25'),
(176,'3202220010','CIHANYAWAR',4,'2018-01-06 00:16:25','2018-01-06 00:16:25'),
(177,'3202111001','CIHAUR',4,'2018-01-06 00:16:25','2018-01-06 00:16:25'),
(178,'3202210015','CIHEULANG TONGGOH',4,'2018-01-06 00:16:25','2018-01-06 00:16:25'),
(179,'3202211005','CIJALINGAN',4,'2018-01-06 00:16:25','2018-01-06 00:16:25'),
(180,'3202280002','CIJAMBE',4,'2018-01-06 00:16:25','2018-01-06 00:16:25'),
(181,'3202150010','CIJANGKAR',4,'2018-01-06 00:16:25','2018-01-06 00:16:25'),
(182,'3202212001','CIJENGKOL',4,'2018-01-06 00:16:25','2018-01-06 00:16:25'),
(183,'3202130010','CIJULANG',4,'2018-01-06 00:16:25','2018-01-06 00:16:25'),
(184,'3202160004','CIJUREY',4,'2018-01-06 00:16:25','2018-01-06 00:16:25'),
(185,'3202110010','CIKADU',4,'2018-01-06 00:16:25','2018-01-06 00:16:25'),
(186,'3202190003','CIKAHURIPAN',4,'2018-01-06 00:16:25','2018-01-06 00:16:25'),
(187,'3202290002','CIKAHURIPAN',4,'2018-01-06 00:16:25','2018-01-06 00:16:25'),
(188,'3202291002','CIKAKAK',4,'2018-01-06 00:16:25','2018-01-06 00:16:25'),
(189,'3202020002','CIKANGKUNG',4,'2018-01-06 00:16:25','2018-01-06 00:16:25'),
(190,'3202280012','CIKARAE THOYIBAH',4,'2018-01-06 00:16:25','2018-01-06 00:16:25'),
(191,'3202040013','CIKARANG',4,'2018-01-06 00:16:25','2018-01-06 00:16:25'),
(192,'3202070003','CIKARANG',4,'2018-01-06 00:16:25','2018-01-06 00:16:25'),
(193,'3202040015','CIKARANGGEUSAN',4,'2018-01-06 00:16:25','2018-01-06 00:16:25'),
(194,'3202171003','CIKARET',4,'2018-01-06 00:16:25','2018-01-06 00:16:25'),
(195,'3202290014','CIKELAT',4,'2018-01-06 00:16:25','2018-01-06 00:16:25'),
(196,'3202212008','CIKEMBANG',4,'2018-01-06 00:16:25','2018-01-06 00:16:25'),
(197,'3202140007','CIKEMBAR',4,'2018-01-06 00:16:25','2018-01-06 00:16:25'),
(198,'3202280005','CIKIDANG',4,'2018-01-06 00:16:25','2018-01-06 00:16:25'),
(199,'3202280003','CIKIRAY',4,'2018-01-06 00:16:25','2018-01-06 00:16:25'),
(200,'3202201004','CIKUJANG',4,'2018-01-06 00:16:25','2018-01-06 00:16:25'),
(201,'3202172004','CIKURUTUG',4,'2018-01-06 00:16:25','2018-01-06 00:16:25'),
(202,'3202100002','CILANGKAP',4,'2018-01-06 00:16:25','2018-01-06 00:16:25'),
(203,'3202291004','CILEUNGSING',4,'2018-01-06 00:16:25','2018-01-06 00:16:25'),
(204,'3202211003','CIMAHI',4,'2018-01-06 00:16:25','2018-01-06 00:16:25'),
(205,'3202050001','CIMAHPAR',4,'2018-01-06 00:16:25','2018-01-06 00:16:25'),
(206,'3202291001','CIMAJA',4,'2018-01-06 00:16:25','2018-01-06 00:16:25'),
(207,'3202211008','CIMANGGIS',4,'2018-01-06 00:16:25','2018-01-06 00:16:25'),
(208,'3202041002','CIMANGGU',4,'2018-01-06 00:16:25','2018-01-06 00:16:25'),
(209,'3202110014','CIMANGGU',4,'2018-01-06 00:16:25','2018-01-06 00:16:25'),
(210,'3202140008','CIMANGGU',4,'2018-01-06 00:16:25','2018-01-06 00:16:25'),
(211,'3202173004','CIMANGKOK',4,'2018-01-06 00:16:25','2018-01-06 00:16:25'),
(212,'3202082001','CIMENTENG',4,'2018-01-06 00:16:25','2018-01-06 00:16:25'),
(213,'3202131007','CIMERANG',4,'2018-01-06 00:16:25','2018-01-06 00:16:25'),
(214,'3202070004','CIPAMINGKIS',4,'2018-01-06 00:16:25','2018-01-06 00:16:25'),
(215,'3202261005','CIPANENGAH',4,'2018-01-06 00:16:25','2018-01-06 00:16:25'),
(216,'3202040001','CIPARAY',4,'2018-01-06 00:16:25','2018-01-06 00:16:25'),
(217,'3202190008','CIPETIR',4,'2018-01-06 00:16:25','2018-01-06 00:16:25'),
(218,'3202030003','CIPEUNDEUY',4,'2018-01-06 00:16:25','2018-01-06 00:16:25'),
(219,'3202300004','CIPEUTEUY',4,'2018-01-06 00:16:25','2018-01-06 00:16:25'),
(220,'3202172001','CIPURUT',4,'2018-01-06 00:16:25','2018-01-06 00:16:25'),
(221,'3202020004','CIRACAP',4,'2018-01-06 00:16:25','2018-01-06 00:16:25'),
(222,'3202291009','CIRENDANG',4,'2018-01-06 00:16:25','2018-01-06 00:16:25'),
(223,'3202172002','CIREUNGHAS',4,'2018-01-06 00:16:25','2018-01-06 00:16:25'),
(224,'3202200008','CISAAT',4,'2018-01-06 00:16:25','2018-01-06 00:16:25'),
(225,'3202230006','CISAAT',4,'2018-01-06 00:16:25','2018-01-06 00:16:25'),
(226,'3202211004','CISANDE',4,'2018-01-06 00:16:25','2018-01-06 00:16:25'),
(227,'3202170015','CISARUA',4,'2018-01-06 00:16:26','2018-01-06 00:16:26'),
(228,'3202220001','CISARUA',4,'2018-01-06 00:16:26','2018-01-06 00:16:26'),
(229,'3202150001','CISITU',4,'2018-01-06 00:16:26','2018-01-06 00:16:26'),
(230,'3202290003','CISOLOK',4,'2018-01-06 00:16:26','2018-01-06 00:16:26'),
(231,'3202131006','CITAMIANG',4,'2018-01-06 00:16:26','2018-01-06 00:16:26'),
(232,'3202190002','CITAMIANG',4,'2018-01-06 00:16:26','2018-01-06 00:16:26'),
(233,'3202030011','CITANGLAR',4,'2018-01-06 00:16:26','2018-01-06 00:16:26'),
(234,'3202110005','CITARIK',4,'2018-01-06 00:16:26','2018-01-06 00:16:26'),
(235,'3202110007','CITEPUS',4,'2018-01-06 00:16:26','2018-01-06 00:16:26'),
(236,'3202090002','CIWALAT',4,'2018-01-06 00:16:26','2018-01-06 00:16:26'),
(237,'3202010002','CIWARU',4,'2018-01-06 00:16:26','2018-01-06 00:16:26'),
(238,'3202082002','CURUGKEMBAR',4,'2018-01-06 00:16:26','2018-01-06 00:16:26'),
(239,'3202080008','CURUGLUHUR',4,'2018-01-06 00:16:26','2018-01-06 00:16:26'),
(240,'3202120011','DAMARRAJA',4,'2018-01-06 00:16:26','2018-01-06 00:16:26'),
(241,'3202220006','DARMAREJA',4,'2018-01-06 00:16:26','2018-01-06 00:16:26'),
(242,'3202080009','DATARNANGKA',4,'2018-01-06 00:16:26','2018-01-06 00:16:26'),
(243,'3202291008','GANDASOLI',4,'2018-01-06 00:16:26','2018-01-06 00:16:26'),
(244,'3202190006','GEDE PANGRANGO',4,'2018-01-06 00:16:26','2018-01-06 00:16:26'),
(245,'3202160003','GEGERBITUNG',4,'2018-01-06 00:16:26','2018-01-06 00:16:26'),
(246,'3202221003','GINANJAR',4,'2018-01-06 00:16:26','2018-01-06 00:16:26'),
(247,'3202120007','GIRIJAYA',4,'2018-01-06 00:16:26','2018-01-06 00:16:26'),
(248,'3202220007','GIRIJAYA',4,'2018-01-06 00:16:26','2018-01-06 00:16:26'),
(249,'3202240008','GIRIJAYA',4,'2018-01-06 00:16:26','2018-01-06 00:16:26'),
(250,'3202010006','GIRIMUKTI',4,'2018-01-06 00:16:26','2018-01-06 00:16:26'),
(251,'3202080006','GUNUNG BENTANG',4,'2018-01-06 00:16:26','2018-01-06 00:16:26'),
(252,'3202270006','GUNUNG ENDUT',4,'2018-01-06 00:16:26','2018-01-06 00:16:26'),
(253,'3202201003','GUNUNG GURUH',4,'2018-01-06 00:16:26','2018-01-06 00:16:26'),
(254,'3202290015','GUNUNG KRAMAT',4,'2018-01-06 00:16:26','2018-01-06 00:16:26'),
(255,'3202280006','GUNUNG MALANG',4,'2018-01-06 00:16:26','2018-01-06 00:16:26'),
(256,'3202030004','GUNUNG SUNGGING',4,'2018-01-06 00:16:26','2018-01-06 00:16:26'),
(257,'3202290016','GUNUNG TANJUNG',4,'2018-01-06 00:16:26','2018-01-06 00:16:26'),
(258,'3202020001','GUNUNGBATU',4,'2018-01-06 00:16:26','2018-01-06 00:16:26'),
(259,'3202200018','GUNUNGJAYA',4,'2018-01-06 00:16:26','2018-01-06 00:16:26'),
(260,'3202080017','HEGARMANAH',4,'2018-01-06 00:16:26','2018-01-06 00:16:26'),
(261,'3202120002','HEGARMANAH',4,'2018-01-06 00:16:26','2018-01-06 00:16:26'),
(262,'3202211001','HEGARMANAH',4,'2018-01-06 00:16:26','2018-01-06 00:16:26'),
(263,'3202081001','HEGARMULYA',4,'2018-01-06 00:16:26','2018-01-06 00:16:26'),
(264,'3202030012','JAGAMUKTI',4,'2018-01-06 00:16:26','2018-01-06 00:16:26'),
(265,'3202171002','JAMBENENGGANG',4,'2018-01-06 00:16:26','2018-01-06 00:16:26'),
(266,'3202130014','JAMPANG TENGAH',4,'2018-01-06 00:16:26','2018-01-06 00:16:26'),
(267,'3202240006','JAYABAKTI',4,'2018-01-06 00:16:26','2018-01-06 00:16:26'),
(268,'3202110013','JAYANTI',4,'2018-01-06 00:16:26','2018-01-06 00:16:26'),
(269,'3202300003','KABANDUNGAN',4,'2018-01-06 00:16:26','2018-01-06 00:16:26'),
(270,'3202030014','KADALEMAN',4,'2018-01-06 00:16:26','2018-01-06 00:16:26'),
(271,'3202030018','KADEMANGAN',4,'2018-01-06 00:16:26','2018-01-06 00:16:26'),
(272,'3202190005','KADUDAMPIT',4,'2018-01-06 00:16:26','2018-01-06 00:16:26'),
(273,'3202270004','KADUNUNGGAL',4,'2018-01-06 00:16:26','2018-01-06 00:16:26'),
(274,'3202270003','KALAPANUNGGAL',4,'2018-01-06 00:16:26','2018-01-06 00:16:26'),
(275,'3202220005','KALAPAREA',4,'2018-01-06 00:16:26','2018-01-06 00:16:26'),
(276,'3202050003','KALIBUNDER',4,'2018-01-06 00:16:26','2018-01-06 00:16:26'),
(277,'3202040014','KARANGANYAR',4,'2018-01-06 00:16:26','2018-01-06 00:16:26'),
(278,'3202160005','KARANGJAYA',4,'2018-01-06 00:16:26','2018-01-06 00:16:26'),
(279,'3202041005','KARANGMEKAR',4,'2018-01-06 00:16:26','2018-01-06 00:16:26'),
(280,'3202290004','KARANGPAPAK',4,'2018-01-06 00:16:26','2018-01-06 00:16:26'),
(281,'3202210010','KARANGTENGAH',4,'2018-01-06 00:16:26','2018-01-06 00:16:26'),
(282,'3202180005','KARAWANG',4,'2018-01-06 00:16:26','2018-01-06 00:16:26'),
(283,'3202201002','KEBONMANGGU',4,'2018-01-06 00:16:26','2018-01-06 00:16:26'),
(284,'3202171004','KEBONPEDES',4,'2018-01-06 00:16:26','2018-01-06 00:16:26'),
(285,'3202150003','KERTAANGSANA',4,'2018-01-06 00:16:26','2018-01-06 00:16:26'),
(286,'3202111002','KERTAJAYA',4,'2018-01-06 00:16:26','2018-01-06 00:16:26'),
(287,'3202120013','KERTAMUKTI',4,'2018-01-06 00:16:26','2018-01-06 00:16:26'),
(288,'3202140004','KERTARAHARJA',4,'2018-01-06 00:16:26','2018-01-06 00:16:26'),
(289,'3202260010','KOMPA',4,'2018-01-06 00:16:26','2018-01-06 00:16:26'),
(290,'3202230013','KUTAJAYA',4,'2018-01-06 00:16:26','2018-01-06 00:16:26'),
(291,'3202200015','KUTASIRNA',4,'2018-01-06 00:16:26','2018-01-06 00:16:26'),
(292,'3202170017','LANGENSARI',4,'2018-01-06 00:16:26','2018-01-06 00:16:26'),
(293,'3202260008','LANGENSARI',4,'2018-01-06 00:16:26','2018-01-06 00:16:26'),
(294,'3202100001','LANGKAPJAYA',4,'2018-01-06 00:16:26','2018-01-06 00:16:26'),
(295,'3202090007','LEMBURSAWAH',4,'2018-01-06 00:16:26','2018-01-06 00:16:26'),
(296,'3202211006','LEMBURSAWAH',4,'2018-01-06 00:16:26','2018-01-06 00:16:26'),
(297,'3202100003','LENGKONG',4,'2018-01-06 00:16:26','2018-01-06 00:16:26'),
(298,'3202170016','LIMBANGAN',4,'2018-01-06 00:16:26','2018-01-06 00:16:26'),
(299,'3202121005','LIMUSNUNGGAL',4,'2018-01-06 00:16:26','2018-01-06 00:16:26'),
(300,'3202111003','LOJI',4,'2018-01-06 00:16:26','2018-01-06 00:16:26'),
(301,'3202270005','MAKASARI',4,'2018-01-06 00:16:26','2018-01-06 00:16:26'),
(302,'3202010007','MANDRAJAYA',4,'2018-01-06 00:16:26','2018-01-06 00:16:26'),
(303,'3202201007','MANGKALAYA',4,'2018-01-06 00:16:26','2018-01-06 00:16:26'),
(304,'3202021006','MANGUNJAYA',4,'2018-01-06 00:16:26','2018-01-06 00:16:26'),
(305,'3202121004','MANGUNJAYA',4,'2018-01-06 00:16:26','2018-01-06 00:16:26'),
(306,'3202291006','MARGALAKSANA',4,'2018-01-06 00:16:26','2018-01-06 00:16:26'),
(307,'3202080011','MARGALUYU',4,'2018-01-06 00:16:26','2018-01-06 00:16:26'),
(308,'3202131003','MARGALUYU',4,'2018-01-06 00:16:26','2018-01-06 00:16:26'),
(309,'3202170021','MARGALUYU',4,'2018-01-06 00:16:26','2018-01-06 00:16:26'),
(310,'3202021004','MEKAR MUKTI',4,'2018-01-06 00:16:26','2018-01-06 00:16:26'),
(311,'3202111006','MEKARASIH',4,'2018-01-06 00:16:26','2018-01-06 00:16:26'),
(312,'3202010004','MEKARJAYA',4,'2018-01-06 00:16:26','2018-01-06 00:16:26'),
(313,'3202040004','MEKARJAYA',4,'2018-01-06 00:16:26','2018-01-06 00:16:26'),
(314,'3202070002','MEKARJAYA',4,'2018-01-06 00:16:26','2018-01-06 00:16:26'),
(315,'3202120012','MEKARJAYA',4,'2018-01-06 00:16:26','2018-01-06 00:16:26'),
(316,'3202212002','MEKARJAYA',4,'2018-01-06 00:16:26','2018-01-06 00:16:26'),
(317,'3202300001','MEKARJAYA',4,'2018-01-06 00:16:26','2018-01-06 00:16:26'),
(318,'3202280004','MEKARNANGKA',4,'2018-01-06 00:16:26','2018-01-06 00:16:26'),
(319,'3202010008','MEKARSAKTI',4,'2018-01-06 00:16:26','2018-01-06 00:16:26'),
(320,'3202020006','MEKARSARI',4,'2018-01-06 00:16:26','2018-01-06 00:16:26'),
(321,'3202080020','MEKARSARI',4,'2018-01-06 00:16:26','2018-01-06 00:16:26'),
(322,'3202150004','MEKARSARI',4,'2018-01-06 00:16:26','2018-01-06 00:16:26'),
(323,'3202230001','MEKARSARI',4,'2018-01-06 00:16:26','2018-01-06 00:16:26'),
(324,'3202081006','MEKARTANI',4,'2018-01-06 00:16:26','2018-01-06 00:16:26'),
(325,'3202082005','MEKARTANJUNG',4,'2018-01-06 00:16:26','2018-01-06 00:16:26'),
(326,'3202050007','MEKARWANGI',4,'2018-01-06 00:16:26','2018-01-06 00:16:26'),
(327,'3202190001','MUARADUA',4,'2018-01-06 00:16:26','2018-01-06 00:16:26'),
(328,'3202221001','MUNJUL',4,'2018-01-06 00:16:26','2018-01-06 00:16:26'),
(329,'3202200012','NAGRAK',4,'2018-01-06 00:16:26','2018-01-06 00:16:26'),
(330,'3202220003','NAGRAK SELATAN',4,'2018-01-06 00:16:26','2018-01-06 00:16:26'),
(331,'3202220004','NAGRAK UTARA',4,'2018-01-06 00:16:26','2018-01-06 00:16:26'),
(332,'3202082007','NAGRAKJAYA',4,'2018-01-06 00:16:26','2018-01-06 00:16:26'),
(333,'3202040005','NAGRAKSARI',4,'2018-01-06 00:16:26','2018-01-06 00:16:26'),
(334,'3202060006','NANGELA',4,'2018-01-06 00:16:26','2018-01-06 00:16:26'),
(335,'3202130011','NANGERANG',4,'2018-01-06 00:16:26','2018-01-06 00:16:26'),
(336,'3202230010','NANGGERANG',4,'2018-01-06 00:16:26','2018-01-06 00:16:26'),
(337,'3202280007','NANGKAKONENG',4,'2018-01-06 00:16:26','2018-01-06 00:16:26'),
(338,'3202100005','NEGLASARI',4,'2018-01-06 00:16:26','2018-01-06 00:16:26'),
(339,'3202131001','NEGLASARI',4,'2018-01-06 00:16:26','2018-01-06 00:16:26'),
(340,'3202150009','NEGLASARI',4,'2018-01-06 00:16:26','2018-01-06 00:16:26'),
(341,'3202210001','NEGLASARI',4,'2018-01-06 00:16:26','2018-01-06 00:16:26'),
(342,'3202150002','NYALINDUNG',4,'2018-01-06 00:16:26','2018-01-06 00:16:26'),
(343,'3202230002','NYANGKOWEK',4,'2018-01-06 00:16:26','2018-01-06 00:16:26'),
(344,'3202090003','PABUARAN',4,'2018-01-06 00:16:26','2018-01-06 00:16:26'),
(345,'3202200007','PADAASIH',4,'2018-01-06 00:16:26','2018-01-06 00:16:26'),
(346,'3202130018','PADABEUNGHAR',4,'2018-01-06 00:16:26','2018-01-06 00:16:26'),
(347,'3202040008','PADAJAYA',4,'2018-01-06 00:16:26','2018-01-06 00:16:26'),
(348,'3202081003','PADASENANG',4,'2018-01-06 00:16:26','2018-01-06 00:16:26'),
(349,'3202131005','PAGELARAN',4,'2018-01-06 00:16:26','2018-01-06 00:16:26'),
(350,'3202270002','PALASARI GIRANG',4,'2018-01-06 00:16:26','2018-01-06 00:16:26'),
(351,'3202260002','PALASARI HILIR',4,'2018-01-06 00:16:26','2018-01-06 00:16:26'),
(352,'3202210014','PAMURUYAN',4,'2018-01-06 00:16:26','2018-01-06 00:16:26'),
(353,'3202280008','PANGKALAN',4,'2018-01-06 00:16:26','2018-01-06 00:16:26'),
(354,'3202020007','PANGUMBAHAN',4,'2018-01-06 00:16:26','2018-01-06 00:16:26'),
(355,'3202130015','PANUMBANGAN',4,'2018-01-06 00:16:26','2018-01-06 00:16:26'),
(356,'3202140003','PARAKANLIMA',4,'2018-01-06 00:16:26','2018-01-06 00:16:26'),
(357,'3202250006','PARAKANSALAK',4,'2018-01-06 00:16:26','2018-01-06 00:16:26'),
(358,'3202260004','PARUNGKUDA',4,'2018-01-06 00:16:26','2018-01-06 00:16:26'),
(359,'3202180001','PARUNGSEAH',4,'2018-01-06 00:16:26','2018-01-06 00:16:26'),
(360,'3202080007','PASANGGRAHAN',4,'2018-01-06 00:16:26','2018-01-06 00:16:26'),
(361,'3202230008','PASAWAHAN',4,'2018-01-06 00:16:26','2018-01-06 00:16:26'),
(362,'3202290001','PASIRBARU',4,'2018-01-06 00:16:26','2018-01-06 00:16:26'),
(363,'3202212009','PASIRDATAR INDAH',4,'2018-01-06 00:16:26','2018-01-06 00:16:26'),
(364,'3202240002','PASIRDOTON',4,'2018-01-06 00:16:26','2018-01-06 00:16:26'),
(365,'3202170012','PASIRHALANG',4,'2018-01-06 00:16:26','2018-01-06 00:16:26'),
(366,'3202030001','PASIRIPIS',4,'2018-01-06 00:16:26','2018-01-06 00:16:26'),
(367,'3202020005','PASIRPANJANG',4,'2018-01-06 00:16:26','2018-01-06 00:16:26'),
(368,'3202110011','PASIRSUREN',4,'2018-01-06 00:16:26','2018-01-06 00:16:26'),
(369,'3202220009','PAWENANG',4,'2018-01-06 00:16:26','2018-01-06 00:16:26'),
(370,'3202180006','PERBAWATI',4,'2018-01-06 00:16:26','2018-01-06 00:16:26'),
(371,'3202260011','PONDOK KASO LANDEUH',4,'2018-01-06 00:16:26','2018-01-06 00:16:26'),
(372,'3202240001','PONDOK KASO TENGAH',4,'2018-01-06 00:16:26','2018-01-06 00:16:26'),
(373,'3202240003','PONDOK KASO TONGGOH',4,'2018-01-06 00:16:26','2018-01-06 00:16:26'),
(374,'3202173002','PRIANGANJAYA',4,'2018-01-06 00:16:26','2018-01-06 00:16:26'),
(375,'3202270007','PULOSARI',4,'2018-01-06 00:16:26','2018-01-06 00:16:26'),
(376,'3202080019','PUNCAKMANGGIS',4,'2018-01-06 00:16:26','2018-01-06 00:16:26'),
(377,'3202131004','PURABAYA',4,'2018-01-06 00:16:26','2018-01-06 00:16:26'),
(378,'3202230003','PURWASARI',4,'2018-01-06 00:16:26','2018-01-06 00:16:26'),
(379,'3202020003','PURWASEDAR',4,'2018-01-06 00:16:26','2018-01-06 00:16:26'),
(380,'3202060005','RAMBAY',4,'2018-01-06 00:16:26','2018-01-06 00:16:26'),
(381,'3202291005','RIDOGALIH',4,'2018-01-06 00:16:26','2018-01-06 00:16:26'),
(382,'3202080010','SAGARANTEN',4,'2018-01-06 00:16:26','2018-01-06 00:16:26'),
(383,'3202280001','SAMPORA',4,'2018-01-06 00:16:26','2018-01-06 00:16:26'),
(384,'3202111007','SANGRAWAYANG',4,'2018-01-06 00:16:26','2018-01-06 00:16:26'),
(385,'3202171001','SASAGARAN',4,'2018-01-06 00:16:26','2018-01-06 00:16:26'),
(386,'3202050002','SEKARSARI',4,'2018-01-06 00:16:26','2018-01-06 00:16:26'),
(387,'3202210003','SEKARWANGI',4,'2018-01-06 00:16:26','2018-01-06 00:16:26'),
(388,'3202170018','SELAAWI',4,'2018-01-06 00:16:26','2018-01-06 00:16:26'),
(389,'3202200016','SELAJAMBE',4,'2018-01-06 00:16:26','2018-01-06 00:16:26'),
(390,'3202170011','SELAWANGI',4,'2018-01-06 00:16:26','2018-01-06 00:16:26'),
(391,'3202173001','SEMPLAK',4,'2018-01-06 00:16:26','2018-01-06 00:16:26'),
(392,'3202212006','SEUSEUPAN',4,'2018-01-06 00:16:26','2018-01-06 00:16:26'),
(393,'3202010009','SIDAMULYA',4,'2018-01-06 00:16:26','2018-01-06 00:16:26'),
(394,'3202080005','SINAR BENTANG',4,'2018-01-06 00:16:26','2018-01-06 00:16:26'),
(395,'3202082004','SINDANGRAJA',4,'2018-01-06 00:16:26','2018-01-06 00:16:26'),
(396,'3202130016','SINDANGRESMI',4,'2018-01-06 00:16:26','2018-01-06 00:16:26'),
(397,'3202120004','SIRNAJAYA',4,'2018-01-06 00:16:26','2018-01-06 00:16:26'),
(398,'3202060008','SIRNAMEKAR',4,'2018-01-06 00:16:26','2018-01-06 00:16:26'),
(399,'3202291007','SIRNARASA',4,'2018-01-06 00:16:26','2018-01-06 00:16:26'),
(400,'3202201001','SIRNARESMI',4,'2018-01-06 00:16:26','2018-01-06 00:16:26'),
(401,'3202290012','SIRNARESMI',4,'2018-01-06 00:16:26','2018-01-06 00:16:26'),
(402,'3202030016','SIRNASARI',4,'2018-01-06 00:16:26','2018-01-06 00:16:26'),
(403,'3202090005','SIRNASARI',4,'2018-01-06 00:16:26','2018-01-06 00:16:26'),
(404,'3202180004','SUDAJAYA GIRANG',4,'2018-01-06 00:16:26','2018-01-06 00:16:26'),
(405,'3202211007','SUKADAMAI',4,'2018-01-06 00:16:26','2018-01-06 00:16:26'),
(406,'3202120009','SUKAHARJA',4,'2018-01-06 00:16:26','2018-01-06 00:16:26'),
(407,'3202041004','SUKAJADI',4,'2018-01-06 00:16:26','2018-01-06 00:16:26'),
(408,'3202090001','SUKAJAYA',4,'2018-01-06 00:16:26','2018-01-06 00:16:26'),
(409,'3202180003','SUKAJAYA',4,'2018-01-06 00:16:26','2018-01-06 00:16:26'),
(410,'3202250002','SUKAKERSA',4,'2018-01-06 00:16:26','2018-01-06 00:16:26'),
(411,'3202173005','SUKALARANG',4,'2018-01-06 00:16:26','2018-01-06 00:16:26'),
(412,'3202050004','SUKALUYU',4,'2018-01-06 00:16:26','2018-01-06 00:16:26'),
(413,'3202041003','SUKAMAJU',4,'2018-01-06 00:16:26','2018-01-06 00:16:26'),
(414,'3202140001','SUKAMAJU',4,'2018-01-06 00:16:26','2018-01-06 00:16:26'),
(415,'3202150007','SUKAMAJU',4,'2018-01-06 00:16:26','2018-01-06 00:16:26'),
(416,'3202173006','SUKAMAJU',4,'2018-01-06 00:16:26','2018-01-06 00:16:26'),
(417,'3202190007','SUKAMAJU',4,'2018-01-06 00:16:26','2018-01-06 00:16:26'),
(418,'3202291003','SUKAMAJU',4,'2018-01-06 00:16:26','2018-01-06 00:16:26'),
(419,'3202041006','SUKAMANAH',4,'2018-01-06 00:16:26','2018-01-06 00:16:26'),
(420,'3202160002','SUKAMANAH',4,'2018-01-06 00:16:26','2018-01-06 00:16:26'),
(421,'3202200011','SUKAMANAH',4,'2018-01-06 00:16:26','2018-01-06 00:16:26'),
(422,'3202190004','SUKAMANIS',4,'2018-01-06 00:16:26','2018-01-06 00:16:26'),
(423,'3202200010','SUKAMANTRI',4,'2018-01-06 00:16:26','2018-01-06 00:16:26'),
(424,'3202170014','SUKAMEKAR',4,'2018-01-06 00:16:26','2018-01-06 00:16:26'),
(425,'3202021003','SUKAMUKTI',4,'2018-01-06 00:16:26','2018-01-06 00:16:26'),
(426,'3202140009','SUKAMULYA',4,'2018-01-06 00:16:26','2018-01-06 00:16:26'),
(427,'3202212007','SUKAMULYA',4,'2018-01-06 00:16:26','2018-01-06 00:16:26'),
(428,'3202170013','SUKARAJA',4,'2018-01-06 00:16:26','2018-01-06 00:16:26'),
(429,'3202290018','SUKARAME',4,'2018-01-06 00:16:26','2018-01-06 00:16:26'),
(430,'3202200019','SUKARESMI',4,'2018-01-06 00:16:26','2018-01-06 00:16:26'),
(431,'3202200017','SUKASARI',4,'2018-01-06 00:16:26','2018-01-06 00:16:26'),
(432,'3202210013','SUKASIRNA',4,'2018-01-06 00:16:26','2018-01-06 00:16:26'),
(433,'3202030017','SUKATANI',4,'2018-01-06 00:16:26','2018-01-06 00:16:26'),
(434,'3202250001','SUKATANI',4,'2018-01-06 00:16:26','2018-01-06 00:16:26'),
(435,'3202060001','SUMBERJAYA',4,'2018-01-06 00:16:26','2018-01-06 00:16:26'),
(436,'3202260003','SUNDAWENANG',4,'2018-01-06 00:16:26','2018-01-06 00:16:26'),
(437,'3202212003','TALAGA',4,'2018-01-06 00:16:26','2018-01-06 00:16:26'),
(438,'3202031006','TALAGAMURNI',4,'2018-01-06 00:16:26','2018-01-06 00:16:26'),
(439,'3202010003','TAMANJAYA',4,'2018-01-06 00:16:26','2018-01-06 00:16:26'),
(440,'3202280011','TAMANSARI',4,'2018-01-06 00:16:26','2018-01-06 00:16:26'),
(441,'3202240005','TANGKIL',4,'2018-01-06 00:16:26','2018-01-06 00:16:26'),
(442,'3202040007','TANJUNG',4,'2018-01-06 00:16:26','2018-01-06 00:16:26'),
(443,'3202082003','TANJUNGSARI',4,'2018-01-06 00:16:26','2018-01-06 00:16:26'),
(444,'3202130017','TANJUNGSARI',4,'2018-01-06 00:16:26','2018-01-06 00:16:26'),
(445,'3202120010','TARISI',4,'2018-01-06 00:16:26','2018-01-06 00:16:26'),
(446,'3202060003','TEGALBULEUD',4,'2018-01-06 00:16:26','2018-01-06 00:16:26'),
(447,'3202070005','TEGALLEGA',4,'2018-01-06 00:16:26','2018-01-06 00:16:26'),
(448,'3202100004','TEGALLEGA',4,'2018-01-06 00:16:26','2018-01-06 00:16:26'),
(449,'3202172005','TEGALPANJANG',4,'2018-01-06 00:16:26','2018-01-06 00:16:26'),
(450,'3202230011','TENJOAYU',4,'2018-01-06 00:16:26','2018-01-06 00:16:26'),
(451,'3202210002','TENJOJAYA',4,'2018-01-06 00:16:26','2018-01-06 00:16:26'),
(452,'3202081005','TENJOLAUT',4,'2018-01-06 00:16:26','2018-01-06 00:16:26'),
(453,'3202230007','TENJOLAYA',4,'2018-01-06 00:16:26','2018-01-06 00:16:26'),
(454,'3202173003','TITISAN',4,'2018-01-06 00:16:26','2018-01-06 00:16:26'),
(455,'3202110012','TONJONG',4,'2018-01-06 00:16:26','2018-01-06 00:16:26'),
(456,'3202300002','TUGUBANDUNG',4,'2018-01-06 00:16:26','2018-01-06 00:16:26'),
(457,'3202120006','UBRUG',4,'2018-01-06 00:16:26','2018-01-06 00:16:26'),
(458,'3202020008','UJUNG GENTENG',4,'2018-01-06 00:16:26','2018-01-06 00:16:26'),
(459,'3202190009','UNDRUS BINANGUN',4,'2018-01-06 00:16:26','2018-01-06 00:16:26'),
(460,'3202270001','WALANGSARI',4,'2018-01-06 00:16:26','2018-01-06 00:16:26'),
(461,'3202021002','WALURAN',4,'2018-01-06 00:16:26','2018-01-06 00:16:26'),
(462,'3202021005','WALURAN MANDIRI',4,'2018-01-06 00:16:26','2018-01-06 00:16:26'),
(463,'3202290020','WANAJAYA',4,'2018-01-06 00:16:26','2018-01-06 00:16:26'),
(464,'3202030015','WANASARI',4,'2018-01-06 00:16:26','2018-01-06 00:16:26'),
(465,'3202221004','WANGUNJAYA',4,'2018-01-06 00:16:26','2018-01-06 00:16:26'),
(466,'3202150008','WANGUNREJA',4,'2018-01-06 00:16:26','2018-01-06 00:16:26'),
(467,'3202290019','WANGUNSARI',4,'2018-01-06 00:16:26','2018-01-06 00:16:26'),
(468,'3202210012','WARNAJATI',4,'2018-01-06 00:16:26','2018-01-06 00:16:26'),
(469,'3202180002','WARNASARI',4,'2018-01-06 00:16:26','2018-01-06 00:16:26'),
(470,'3202120008','WARUNGKIARA',4,'2018-01-06 00:16:26','2018-01-06 00:16:26'),
(471,'3202362001','SUKALARANG',4,'2018-01-06 00:16:26','2018-01-06 00:16:26'),
(472,'3202442004','HEGARMULYA',4,'2018-01-06 00:16:26','2018-01-06 00:16:26');

/*Table structure for table `program` */

DROP TABLE IF EXISTS `program`;

CREATE TABLE `program` (
  `id` int(10) unsigned NOT NULL AUTO_INCREMENT,
  `kode` varchar(2) COLLATE utf8_unicode_ci DEFAULT NULL,
  `nama` varchar(255) COLLATE utf8_unicode_ci DEFAULT NULL,
  `created_at` timestamp NULL DEFAULT NULL,
  `updated_at` timestamp NULL DEFAULT NULL,
  `bidang_urusan_id` int(10) unsigned DEFAULT NULL,
  PRIMARY KEY (`id`),
  KEY `program_bidang_urusan_id_foreign` (`bidang_urusan_id`),
  CONSTRAINT `program_bidang_urusan_id_foreign` FOREIGN KEY (`bidang_urusan_id`) REFERENCES `bidang_urusan` (`id`) ON DELETE CASCADE
) ENGINE=InnoDB AUTO_INCREMENT=96 DEFAULT CHARSET=utf8 COLLATE=utf8_unicode_ci;

/*Data for the table `program` */

insert  into `program`(`id`,`kode`,`nama`,`created_at`,`updated_at`,`bidang_urusan_id`) values 
(1,'14','Program Peningkatan Kualitas dan Produktifitas Tenaga Kerja','2018-01-06 00:16:22','2018-01-06 00:16:22',8),
(2,'15','Program Perlindungan Pengembangan Lembaga Ketenagakerjaan','2018-01-06 00:16:22','2018-01-06 00:16:22',8),
(3,'13','Program perluasan dan pengembangan kesempatan kerja','2018-01-06 00:16:22','2018-01-06 00:16:22',8),
(4,'87','Program Pembinaan Jasa Konstruksi','2018-01-06 00:16:22','2018-01-06 00:16:22',4),
(5,'84','Program Pengembangan Kinerja Pengelolaan Air Minum dan Air Limbah','2018-01-06 00:16:22','2018-01-06 00:16:22',4),
(6,'85','Program Pengembangan Kinerja Pengelolaan Persampahan dan Drainase','2018-01-06 00:16:22','2018-01-06 00:16:22',4),
(7,'43','Program Kerjasama Pembangunan','2018-01-06 00:16:22','2018-01-06 00:16:22',34),
(8,'1','Program Pelayanan Administrasi Perkantoran','2018-01-06 00:16:22','2018-01-06 00:16:22',1),
(9,'40','Program Pembinaan dan Pengembangan Aparatur','2018-01-06 00:16:22','2018-01-06 00:16:22',34),
(10,'45','Program Penataan Daerah Otonom Baru','2018-01-06 00:16:22','2018-01-06 00:16:22',34),
(11,'41','Program Penataan Kelembagaan dan Ketatalaksanaan','2018-01-06 00:16:22','2018-01-06 00:16:22',34),
(12,'42','Program Penataan Pelayanan Publik Daerah','2018-01-06 00:16:22','2018-01-06 00:16:22',34),
(13,'39','Program Pendidikan Kedinasan','2018-01-06 00:16:22','2018-01-06 00:16:22',34),
(14,'49','Program Penegakan Supremasi Hukum','2018-01-06 00:16:22','2018-01-06 00:16:22',34),
(15,'44','Program Pengelolaan Wilayah Administrasi Kecamatan dan Desa','2018-01-06 00:16:22','2018-01-06 00:16:22',34),
(16,'46','Program Peningkatan Budaya Organisasi Pemerintah yang Bersih Peduli dan Profesional','2018-01-06 00:16:22','2018-01-06 00:16:22',34),
(17,'51','Program Peningkatan dan Pengembangan Pengelolaan Keuangan dan Asset Daerah','2018-01-06 00:16:22','2018-01-06 00:16:22',34),
(18,'3','Program peningkatan Disiplin Aparatur','2018-01-06 00:16:22','2018-01-06 00:16:22',1),
(19,'5','Program Peningkatan Kapasitas Sumber Daya Aparatur','2018-01-06 00:16:22','2018-01-06 00:16:22',1),
(20,'47','Program peningkatan kualitas lembaga perwakilan rakyat daerah','2018-01-06 00:16:22','2018-01-06 00:16:22',34),
(21,'48','Program Peningkatan Pelayanan Kedinasan Kepala Daerah dan Wakil Kepala Daerah','2018-01-06 00:16:22','2018-01-06 00:16:22',34),
(22,'6','Program Peningkatan Pengembangan Sistem Pelaporan Capaian Kinerja dan Keuangan','2018-01-06 00:16:22','2018-01-06 00:16:22',1),
(23,'2','Program Peningkatan Sarana dan Prasarana Aparatur','2018-01-06 00:16:22','2018-01-06 00:16:22',1),
(24,'52','Program Peningkatan Sumber-Sumber Penerimaan Daerah','2018-01-06 00:16:22','2018-01-06 00:16:22',34),
(25,'50','Program Perencanaan dan Pengendalian Pembangunan Daerah','2018-01-06 00:16:22','2018-01-06 00:16:22',34),
(26,'86','Program Pengembangan Perumahan dan Kawasan Permukiman','2018-01-06 00:16:22','2018-01-06 00:16:22',5),
(27,'53','Program peningkatan kualitas dan pelayanan tata kearsipan','2018-01-06 00:16:22','2018-01-06 00:16:22',25),
(28,'27','Program Pengembangan Nilai-nilai Budaya  dan Pembinaan Kesenian','2018-01-06 00:16:22','2018-01-06 00:16:22',23),
(29,'90','Program Pengembangan Perikanan Budidaya','2018-01-06 00:16:22','2018-02-17 12:32:43',26),
(30,'89','Program Pengembangan Perikanan Tangkap','2018-01-06 00:16:22','2018-01-06 00:16:22',26),
(31,'88','Program Peningkatan Kesejahteraan Pelaku Perikanan','2018-01-06 00:16:22','2018-01-06 00:16:22',26),
(32,'23','Program Pembinaan dan Peningkatan Partisipasi Pemuda dan Prestasi Olahraga','2018-01-06 00:16:22','2018-01-06 00:16:22',20),
(33,'54','Program Penataan Administrasi Kependudukan','2018-01-06 00:16:22','2018-01-06 00:16:22',13),
(34,'60','Program Obat dan Perbekalan Kesehatan','2018-01-06 00:16:22','2018-01-06 00:16:22',3),
(35,'63','Program Pelayanan Kesehatan Penduduk Miskin','2018-01-06 00:16:22','2018-01-06 00:16:22',3),
(36,'67','Program Pencegahan dan Pengendalian Penyakit','2018-01-06 00:16:22','2018-01-06 00:16:22',3),
(37,'70','Program pengadaan peningkatan sarana dan prasarana rumah sakit','2018-01-06 00:16:22','2018-01-06 00:16:22',3),
(38,'69','Program Peningkatan dan Pembangunan Fasilitas Kesehatan','2018-01-06 00:16:22','2018-01-06 00:16:22',3),
(39,'68','Program Peningkatan Mutu  Pelayanan Kesehatan','2018-01-06 00:16:22','2018-01-06 00:16:22',3),
(40,'65','Program Penyehatan Lingkungan','2018-01-06 00:16:22','2018-01-06 00:16:22',3),
(41,'64','Program Perbaikan Gizi Masyarakat','2018-01-06 00:16:22','2018-01-06 00:16:22',3),
(42,'66','Program Promosi Kesehatan dan Pemberdayaan Masyarakat','2018-01-06 00:16:22','2018-01-06 00:16:22',3),
(43,'61','Program Upaya Kesehatan Masyarakat','2018-01-06 00:16:22','2018-01-06 00:16:22',3),
(44,'62','Progran Pembinaan Kesehatan Khusus','2018-01-06 00:16:22','2018-01-06 00:16:22',3),
(45,'31','Program Pemeliharaan Keamanan Ketertiban dan Perlindungan Masyarakat','2018-01-06 00:16:22','2018-01-06 00:16:22',6),
(46,'32','Program Penguatan Kelembagaan Sosial dan Organisasi Massa','2018-01-06 00:16:22','2018-01-06 00:16:22',6),
(47,'33','Program Penjalinan Koordinasi dan Komunikasi dengan Kelembagaan Politik','2018-01-06 00:16:22','2018-01-06 00:16:22',6),
(48,'59','Program Pengembangan Sistem Informasi dan Teknologi Informasi','2018-01-06 00:16:22','2018-01-06 00:16:22',17),
(49,'58','program peningkatan publikasi dan kerjasama informasi daerah','2018-01-06 00:16:22','2018-01-06 00:16:22',17),
(50,'22','Program Pengembangan Kewirausahaan dan Keunggulan Kompetitif Usaha Kecil Menengah','2018-01-06 00:16:22','2018-01-06 00:16:22',18),
(51,'9','Program Pengembangan Sistem Pendukung Usaha Bagi Usaha Mikro Kecil Menengah','2018-01-06 00:16:22','2018-01-06 00:16:22',18),
(52,'21','Program Peningkatan Kualitas Kelembagaan Koperasi','2018-01-06 00:16:22','2018-01-06 00:16:22',18),
(53,'91','Program Pengendalian Pencemaran dan Kerusakan Lingkungan Hidup','2018-01-06 00:16:22','2018-01-06 00:16:22',12),
(54,'92','Program Perlindungan Rehabilitasi dan Konservasi Sumber Daya Alam','2018-01-06 00:16:22','2018-01-06 00:16:22',12),
(55,'16','Program Peningkatan Ketahanan Pangan','2018-01-06 00:16:22','2018-01-06 00:16:22',10),
(56,'7','Program Pengembangan Pariwisata','2018-01-06 00:16:22','2018-01-06 00:16:22',27),
(57,'8','Program Jalan dan Jembatan','2018-01-06 00:16:22','2018-01-06 00:16:22',4),
(59,'79','Program Pengelolaan Ruang Terbuka Hijau (RTH) di perkotaan','2018-01-06 00:16:22','2018-01-06 00:16:22',4),
(60,'83','Program Pengembangan dan Pengelolaan jaringan Irigasi Rawa dan jaringan pengairan lainnya','2018-01-06 00:16:22','2018-01-06 00:16:22',4),
(61,'82','program peningkatan sarana dan prasarana kebinamargaan','2018-01-06 00:16:22','2018-01-06 00:16:22',4),
(62,'26','Program Pengembangan Lembaga Ekonomi Pedesaan','2018-01-06 00:16:22','2018-01-06 00:16:22',14),
(63,'56','Program Peningkatan Kapasitas Aparatur Pemerintah Desa','2018-01-06 00:16:22','2018-01-06 00:16:22',14),
(64,'57','Program Peningkatan Keberdayaan Masyarakat Pedesaan','2018-01-06 00:16:22','2018-01-06 00:16:22',14),
(65,'55','Program Peningkatan Partisipasi Pembangunan Kecamatan','2018-01-06 00:16:22','2018-01-06 00:16:22',14),
(66,'38','Program Pemberdayaan perlindungan anak dan perempuan','2018-01-06 00:16:22','2018-01-06 00:16:22',9),
(67,'18','Program Peningkatan Iklim Investasi dan Realisasi Investasi','2018-01-06 00:16:22','2018-01-06 00:16:22',19),
(68,'17','Program Peningkatan Promosi dan Kerjasama Investasi','2018-01-06 00:16:22','2018-01-06 00:16:22',19),
(69,'77','Program Manajemen Layanan Pendidikan','2018-01-06 00:16:22','2018-01-06 00:16:22',2),
(70,'75','Program PAUD dan Pendidikan Masyarakat','2018-01-06 00:16:22','2018-01-06 00:16:22',2),
(71,'76','Program Peningkatan Mutu Pendidik dan Tenaga Kependidikan','2018-01-06 00:16:22','2018-01-06 00:16:22',2),
(72,'74','Program Wajar Dikdas 9 Tahun','2018-01-06 00:16:22','2018-01-06 00:16:22',2),
(73,'72','Program Keluarga Kecil Yang Berkualitas','2018-01-06 00:16:22','2018-01-06 00:16:22',15),
(74,'71','Program Pengendalian Penduduk dan Keluarga Berencana','2018-01-06 00:16:22','2018-01-06 00:16:22',15),
(75,'24','Program Peningkatan Efisiensi Perdagangan dan Pengembangan Ekspor','2018-01-06 00:16:22','2018-01-06 00:16:22',31),
(76,'25','program penyediaan sarana dan prasarana perdagangan','2018-01-06 00:16:22','2018-01-06 00:16:22',31),
(77,'10','Program Pembangunan Pemeliharaan dan Pengembangan Sarana Prasarana dan Fasilitas Perhubungan','2018-01-06 00:16:22','2018-01-06 00:16:22',16),
(78,'12','Program Pembinaan dan Peningkatan Keselamatan Perhubungan','2018-01-06 00:16:22','2018-01-06 00:16:22',16),
(79,'11','Program Peningkatan Kinerja dan pelayanan perhubungan','2018-01-06 00:16:22','2018-01-06 00:16:22',16),
(80,'19','Program Pengembangan Industri Rumah Tangga Kecil Menengah','2018-01-06 00:16:22','2018-01-06 00:16:22',32),
(81,'73','Program Pengembangan Budaya Baca dan Pembinaan Perpustakaan','2018-01-06 00:16:22','2018-01-06 00:16:22',24),
(82,'78','Program Penataan Ruang dan Pertanahan','2018-01-06 00:16:22','2018-01-06 00:16:22',11),
(83,'20','Program Peningkatan Kesejahteraan Petani','2018-01-06 00:16:22','2018-01-06 00:16:22',28),
(85,'28','Program Peningkatan Produksi Pertanian','2018-01-06 00:16:22','2018-01-06 00:16:22',28),
(86,'34','Program Pemberdayaan Penyandang Masalah Kesejahteraan Sosial (PMKS) komunitas adat  dan Pelestarian Nilai-nilai Keperintisan Kepahlawanan & Kesetiakawanan Sosial (K2KS).','2018-01-06 00:16:22','2018-01-06 00:16:22',7),
(87,'37','Program Pemberdayaan Potensi Sumber Kesejahteraan Sosial','2018-01-06 00:16:22','2018-01-06 00:16:22',7),
(88,'80','program penanggulangan bencana','2018-01-06 00:16:22','2018-01-06 00:16:22',7),
(89,'30','Program Penguatan Lembaga-lembaga Sosial dan Pendidikan Keagamaan','2018-01-06 00:16:22','2018-01-06 00:16:22',7),
(90,'29','Program Peningkatan Pemahaman Penghayatan Pengamalan dan Pengembangan Nilai-nilai Keagamaan;','2018-01-06 00:16:22','2018-01-06 00:16:22',7),
(91,'36','Program Perlindungan dan Jaminan Sosial','2018-01-06 00:16:22','2018-01-06 00:16:22',7),
(92,'35','Program Rehabilitasi Kesejahteraan Sosial','2018-01-06 00:16:22','2018-01-06 00:16:22',7),
(94,'81','Program pengembangan wilayah Transmigrasi','2018-01-06 00:16:22','2018-01-06 00:16:22',33),
(95,'4','Program Fasilitas Pindah/Purna Tugas PNS','2018-01-06 00:16:22','2018-01-06 00:16:22',1);

/*Table structure for table `sasaran` */

DROP TABLE IF EXISTS `sasaran`;

CREATE TABLE `sasaran` (
  `id` int(10) unsigned NOT NULL AUTO_INCREMENT,
  `nama` varchar(255) COLLATE utf8_unicode_ci DEFAULT NULL,
  `created_at` timestamp NULL DEFAULT NULL,
  `updated_at` timestamp NULL DEFAULT NULL,
  `tujuan_id` int(10) unsigned NOT NULL,
  PRIMARY KEY (`id`),
  KEY `sasaran_tujuan_id_foreign` (`tujuan_id`),
  CONSTRAINT `sasaran_tujuan_id_foreign` FOREIGN KEY (`tujuan_id`) REFERENCES `tujuan` (`id`) ON DELETE CASCADE
) ENGINE=InnoDB AUTO_INCREMENT=120 DEFAULT CHARSET=utf8 COLLATE=utf8_unicode_ci;

/*Data for the table `sasaran` */

insert  into `sasaran`(`id`,`nama`,`created_at`,`updated_at`,`tujuan_id`) values 
(1,'Terciptanya Kesempatan kerja di sektor agribisnis','2018-01-06 00:16:22','2018-01-06 00:16:22',1),
(2,'Meningkatnya Produksi Pangan','2018-01-06 00:16:22','2018-01-06 00:16:22',1),
(3,'Terlaksananya intervensi pencegahan dan penanggulangan rawan pangan Serta  Teratasinya kerawanan pangan ','2018-01-06 00:16:22','2018-01-06 00:16:22',1),
(4,'Terwujudnya Sentra Produksi Pertanian, Perkebunan dan Peternakan','2018-01-06 00:16:22','2018-01-06 00:16:22',1),
(5,'Meningkatnya kapasitas kelembagaan tani berorientasi agribisnis berbasis potensi lokal','2018-01-06 00:16:22','2018-01-06 00:16:22',1),
(6,'Meningkatnya Produksi Pertanian Non Pangan','2018-01-06 00:16:22','2018-01-06 00:16:22',1),
(7,'Meningkatnya kualitas dan kuantitas pelaku perikanan','2018-01-06 00:16:22','2018-01-06 00:16:22',2),
(8,'Meningkatnya produksi, nilai tambah produk perikanan serta sarana prasarana perikanan','2018-01-06 00:16:22','2018-01-06 00:16:22',2),
(9,'Terwujudnya sentra perikanan budidaya air tawar, laut, dan pengolahan hasil perikanan','2018-01-06 00:16:22','2018-01-06 00:16:22',2),
(10,'Meningkatnya kesempatan kerja dan produktivitas pekerja dan serta melindungi hak-hak pekerja','2018-01-06 00:16:22','2018-01-06 00:16:22',3),
(11,'Meningkatnya Kemandirian Masyarakat Perdesaan dalam Pengelolaan Potensi Daerah','2018-01-06 00:16:22','2018-01-06 00:16:22',3),
(12,'Meningkatnya jumlah transmigran yang diberangkatkan dan terbinanya transmigran dan translok','2018-01-06 00:16:22','2018-01-06 00:16:22',3),
(13,'Terciptanya Iklim Usaha yang Kondusif dan Kemudahan Investasi','2018-01-06 00:16:22','2018-01-06 00:16:22',4),
(14,'Mendorong pertumbuhan industri rumah tangga, kecil dan menengah ','2018-01-06 00:16:22','2018-01-06 00:16:22',4),
(16,'Meningkatnya penataan dan pengembangan kelompok-kelompok usaha masyarakat dan koperasi ','2018-01-06 00:16:22','2018-01-06 00:16:22',6),
(17,'ketersediaan kebutuhan pokok masyarakat','2018-01-06 00:16:22','2018-01-06 00:16:22',7),
(18,'Meningkatnya nilai ekspor kabupaten sukabumi','2018-01-06 00:16:22','2018-01-06 00:16:22',7),
(19,'Tersedianya sarana perdagangan','2018-01-06 00:16:22','2018-01-06 00:16:22',7),
(20,'Meningkatnya Manajemen Pengelolaan BUMDesa','2018-01-06 00:16:22','2018-01-06 00:16:22',8),
(23,'Meningkatnya Pembinaan Olahraga yang berorientasi pada prestasi','2018-01-06 00:16:22','2018-01-06 00:16:22',11),
(24,'meningkatnya kualitas kehidupan beragama','2018-01-06 00:16:22','2018-01-06 00:16:22',12),
(25,'Meningkatnya peran pemerintah dan masyarakat dalam pemeliharaan ketertiban umum dan ketentraman masyarakat','2018-01-06 00:16:22','2018-01-06 00:16:22',13),
(26,'Menguatnya kelembagaan sosial dan organisasi kemasyarakatan dalam pembangunan manusia yang berdaya saing tinggi dan religius.','2018-01-06 00:16:22','2018-01-06 00:16:22',13),
(27,'Meningkatnya pembinaan dan pendidikan politik daerah','2018-01-06 00:16:22','2018-01-06 00:16:22',13),
(28,'Menurunnya gangguan terhadap ketertiban umum dan keamanan masyarakat','2018-01-06 00:16:22','2018-01-06 00:16:22',13),
(29,'Meningkatnya Kepatuhan Masyarakat terhadap Perda dan Perkada','2018-01-06 00:16:22','2018-01-06 00:16:22',13),
(30,'Meningkatnya pengetahuan dan keterampilan anggota Sat.Linmas dalam penanganan berbagai tugas khususnya tanggap darurat penanggulangan bencana','2018-01-06 00:16:22','2018-01-06 00:16:22',13),
(31,'Menurunnya Jumlah Penyandang Masalah Kesejahteraan Sosial, Berdayanya Komunitas Adat dan Pelestarian Nilai-nilai Keperintisan, Kepahlawanan dan Kesetiakawanan Sosial.','2018-01-06 00:16:22','2018-01-06 00:16:22',14),
(32,'Terehabilitasi dan Terbantunya Penyandang Disabilitas, Tuna Sosial, Anak Nakal Korban Narkotika (ANKN), Anak Jalanan, ODHA, ABH, BWBLP dan WNI- Migran Bermasalah, Korban Perdagangan Orang dan Korban Tindak Kekerasan','2018-01-06 00:16:22','2018-01-06 00:16:22',14),
(33,'Meningkatnya Pelayanan, Perlindungan dan Jaminan Sosial bagi Masyarakat Miskin dan Korban Bencana Alam.','2018-01-06 00:16:22','2018-01-06 00:16:22',15),
(34,'Meningkatnya Partisipasi Potensi Sumber Kesejahteraan Sosial (PSKS) ','2018-01-06 00:16:22','2018-01-06 00:16:22',15),
(35,'Peningkatan Partisipasi, Pemberdayaan Perempuan dan Pengembangan Hak-hak Anak','2018-01-06 00:16:22','2018-01-06 00:16:22',16),
(36,'Peningkatan Kualitas Hidup dan Perlindungan Perempuan & Anak','2018-01-06 00:16:22','2018-01-06 00:16:22',16),
(37,'Meningkatnya kualitas dan Kompetensi aparatur','2018-01-06 00:16:22','2018-01-06 00:16:22',17),
(38,'Meningkatnya disiplin aparatur','2018-01-06 00:16:22','2018-01-06 00:16:22',17),
(39,'Tertatanya struktur organisasi pemerintah yang efektif dan efisien','2018-01-06 00:16:22','2018-01-06 00:16:22',17),
(40,'Meningkatnya Kualitas pelayanan Publik','2018-01-06 00:16:22','2018-01-06 00:16:22',17),
(41,'Meningkatnya kerjasama antar pemerintah daerah,  Instansi Pemerintah dan Lembaga Non Pemerintah','2018-01-06 00:16:22','2018-01-06 00:16:22',17),
(42,'Meningkatnya pengelolaan administrasi kewilayahan','2018-01-06 00:16:22','2018-01-06 00:16:22',17),
(43,'Terwujudnya Pemekaran Kabupaten Sukabumi','2018-01-06 00:16:22','2018-01-06 00:16:22',17),
(44,'Terwujudnya akuntabilitas penyelenggaraan pemerintahan daerah','2018-01-06 00:16:22','2018-01-06 00:16:22',17),
(45,'Meningkatnya kapasitas pimpinan dan anggota DPRD Kabupaten Sukabumi dalam produktifitas kedewanan','2018-01-06 00:16:22','2018-01-06 00:16:22',17),
(46,'Meningkatnya kualitas pelayanan kedinasan kepala daerah dan wakil kepala daerah','2018-01-06 00:16:22','2018-01-06 00:16:22',17),
(47,'Tersedianya Produk hukum yang diperlukan masyarakat','2018-01-06 00:16:22','2018-01-06 00:16:22',17),
(48,'Meningkatnya kualitas perencanaan dan pembangunan daerah','2018-01-06 00:16:22','2018-01-06 00:16:22',17),
(49,'Meningkatnya birokrasi yang profesional dan akuntabel','2018-01-06 00:16:22','2018-01-06 00:16:22',17),
(50,'Terwujudnya pemerintahan yang bersih bebas korupsi kolusi dan nepotisme','2018-01-06 00:16:22','2018-01-06 00:16:22',17),
(51,'Tersedianya Pedoman Pelaksanaan APBD ','2018-01-06 00:16:22','2018-01-06 00:16:22',18),
(52,'Tersedianya Laporan Keuangan dan Aset Daerah yang akuntabel ','2018-01-06 00:16:22','2018-01-06 00:16:22',18),
(53,'Meningkatnya Pendapatan Asli Daerah ','2018-01-06 00:16:22','2018-01-06 00:16:22',18),
(54,'Meningkatnya pengelolaan dan pelayanan tata kearsipan pemerintah daerah','2018-01-06 00:16:22','2018-01-06 00:16:22',18),
(55,'Meningkatnya kualitas pelayanan administrasi kependudukan','2018-01-06 00:16:22','2018-01-06 00:16:22',19),
(56,'Tertib administrasi pertanahan','2018-01-06 00:16:22','2018-01-06 00:16:22',20),
(57,'Meningkatnya partisipasi masyarakat dalam pembangunan','2018-01-06 00:16:22','2018-01-06 00:16:22',21),
(58,'Meningkatnya Pengelolaan Administrasi Desa','2018-01-06 00:16:22','2018-01-06 00:16:22',22),
(59,'Status Desa Tertinggal dan Sangat Tertinggal','2018-01-06 00:16:22','2018-01-06 00:16:22',22),
(60,'Meningkatnya Penyebaran Informasi Pemda terhadap Masyarakat luas baik internal maupun eksternal Kabupaten melalui Media yang dikelola oleh Pemerintah Daerah (website, Sistem Elektronik serta Media Sosial) dan melalui media tradisional','2018-01-06 00:16:22','2018-01-06 00:16:22',24),
(61,'Meningkatkan kualitas dan kuantitas Penyelenggaraan Pemerintahan Kabupaten Sukabumi berbasis IT menuju e-government','2018-01-06 00:16:22','2018-01-06 00:16:22',24),
(62,'Terlaksananya pengadaan barang dan jasa secara elektronik','2018-01-06 00:16:22','2018-01-06 00:16:22',24),
(63,'Meningkatnya kualitas pelayanan Rumah Sakit','2018-01-06 00:16:22','2018-01-06 00:16:22',25),
(64,'Tersedianya obat, bahan kimia dan perbekalan kesehatan','2018-01-06 00:16:22','2018-01-06 00:16:22',25),
(65,'Pembinaan Kesehatan Ibu dan Reproduksi','2018-01-06 00:16:22','2018-01-06 00:16:22',25),
(66,'Menurunnya kasus kematian ibu dan bayi','2018-01-06 00:16:22','2018-01-06 00:16:22',25),
(67,'Menurunkan angka kesakitan','2018-01-06 00:16:22','2018-01-06 00:16:22',25),
(68,'Menurunya angka kesakitan','2018-01-06 00:16:22','2018-01-06 00:16:22',25),
(69,' Meningkatnya pembinaan upaya kesehatan kerja dan olahraga','2018-01-06 00:16:22','2018-01-06 00:16:22',25),
(70,'Meningkatnya pembinaan, pengembangan dan pengawasan upaya  kesehatan tradisional dan komplementer','2018-01-06 00:16:22','2018-01-06 00:16:22',25),
(71,'Meningkatnya mutu dan akses pelayanan keperawatan, kebidanan dan keteknisian medik','2018-01-06 00:16:22','2018-01-06 00:16:22',25),
(72,'Meningkatnya akses pelayanan kesehatan dasar yang berkualitas bagi masyarakat','2018-01-06 00:16:22','2018-01-06 00:16:22',25),
(73,'Meningkatnya Mutu dan Akses Pelayanan Kesehatan Jiwa dan  NAPZA','2018-01-06 00:16:22','2018-01-06 00:16:22',25),
(74,'Meningkatnya layanan kesehatan untuk masyarakat','2018-01-06 00:16:22','2018-01-06 00:16:22',25),
(75,'Meningkatnya layanan kesehatan untuk masyarakat miskin','2018-01-06 00:16:22','2018-01-06 00:16:22',25),
(76,'Meningkatnya pelayanan gizi masyarakat','2018-01-06 00:16:22','2018-01-06 00:16:22',25),
(77,'Meningkatnya kualitas kesehatan lingkungan','2018-01-06 00:16:22','2018-01-06 00:16:22',25),
(78,'Meningkatnya perilaku hidup bersih dan sehat','2018-01-06 00:16:22','2018-01-06 00:16:22',25),
(79,'Menurunnya angka kesakitan akibat penyakit menular dan penyakit tidak menular','2018-01-06 00:16:22','2018-01-06 00:16:22',25),
(80,'Meningkatnya Kesehatan Jemaah Haji Kab. Sukabumi','2018-01-06 00:16:22','2018-01-06 00:16:22',25),
(81,'Meningkatnya akses pelayanan kesehatan','2018-01-06 00:16:22','2018-01-06 00:16:22',25),
(82,'Menurunnya laju pertumbuhan penduduk ','2018-01-06 00:16:22','2018-01-06 00:16:22',26),
(83,'meningkatnya kesertaan ber-KB pasangan usia subur (PUS) Pra-KS dan KS 1 anggota kelompok usaha ekonomi produktif dari 80 persen menjadi 82 persen dan pembinaan keluarga menjadi sekitar 70 persen.','2018-01-06 00:16:22','2018-01-06 00:16:22',26),
(84,'Terwujudnya pembudayaan gemar membaca masyarakat','2018-01-06 00:16:22','2018-01-06 00:16:22',27),
(85,'Meningkatnya akses dan mutu  layanan pendidikan ','2018-01-06 00:16:22','2018-01-06 00:16:22',28),
(86,'Meningkatnya manajemen dan tata kelola pendidikan','2018-01-06 00:16:22','2018-01-06 00:16:22',28),
(87,'terwujudnya perencanaan, pemanfaatan dan pengendalian tata ruang yang efisien, produktif, berkelanjutan dan berdaya saing dibidang agribisnis, pariwisata dan industri','2018-01-06 00:16:22','2018-01-06 00:16:22',29),
(88,'meningkatnya daya dukung dan daya tampung lingkungan serta kualitas penanganan bencana','2018-01-06 00:16:22','2018-01-06 00:16:22',30),
(89,'meningkatnya cakupan pelayanan bencana kebakaran','2018-01-06 00:16:22','2018-01-06 00:16:22',30),
(90,'meningkatnya kualitas  infrastruktur jalan dan jembatan','2018-01-06 00:16:22','2018-01-06 00:16:22',31),
(91,'Meningkatnya infrastruktur sumber daya air dan irigasi untuk konservasi, pendayagunaan sumberdaya air, serta pengendalian daya rusak air','2018-01-06 00:16:22','2018-01-06 00:16:22',31),
(92,'meningkatnya kondisi sarana dan prasarana dasar permukiman','2018-01-06 00:16:22','2018-01-06 00:16:22',31),
(93,'meningkatnya ketersediaan dan kualitas perumahan','2018-01-06 00:16:22','2018-01-06 00:16:22',31),
(94,'Meningkatnya ketersediaan informasi  jasa konstruksi dan kualitas layanan perizinan usaha jasa konstruksi','2018-01-06 00:16:23','2018-01-06 00:16:23',31),
(95,'meningkatnya sarana dan prasarana kelengkapan jalan','2018-01-06 00:16:23','2018-01-06 00:16:23',31),
(96,'meningkatnya kinerja pelayanan transportasi','2018-01-06 00:16:23','2018-01-06 00:16:23',31),
(97,'meningkatnya keselamatan transpostasi jalan','2018-01-06 00:16:23','2018-01-06 00:16:23',31),
(98,'meningkatnya pengendalian pencemaran dan kerusakan lingkungan hidup','2018-01-06 00:16:23','2018-01-06 00:16:23',32),
(99,'Meningkatnya Perlindungan, Rehabilitasi dan Konservasi Sumber Daya Alam serta keanekaragaman hayati','2018-01-06 00:16:23','2018-01-06 00:16:23',33),
(100,'meningkatnya ekosistem dan sumber daya pesisir','2018-01-06 00:16:23','2018-01-06 00:16:23',33),
(101,'Tersedianya Laporan  Capaian Kinerja dan Keuangan Yang Akuntabel','2018-01-06 00:16:23','2018-01-06 00:16:23',17),
(102,'Tertatanya objek wisata','2018-01-06 00:16:23','2018-01-06 00:16:23',34),
(105,'Meningkatnya kualitas infrastruktur dasar masyarakat','2018-01-06 00:16:23','2018-01-06 00:16:23',31),
(106,'Terlaksananya Pembinaan Masyarakat Pariwisata','2018-01-06 00:16:23','2018-01-06 00:16:23',34),
(107,'Meningkatnya jumlah kunjungan wisatawan','2018-01-06 00:16:23','2018-01-06 00:16:23',34),
(108,'Meningkatnya Pembinaaan Olahraga Masyarakat','2018-01-06 00:16:23','2018-01-06 00:16:23',11),
(109,'Meningkatnya pelestarian dan apresiasi masyarakat terhadap budaya dan kearifan lokal','2018-01-06 00:16:23','2018-01-06 00:16:23',9),
(110,'Optimalisasi pembinaan pemuda sehingga dapat berperan aktif dalam pembangunan','2018-01-06 00:16:23','2018-01-06 00:16:23',10),
(111,'Meningkatnya Pemberdayaan Lembaga Usaha Ekonomi Desa','2018-01-06 00:16:23','2018-01-06 00:16:23',8),
(112,'Meningkatnya Pemberdayaan Lembaga dan Organisasi Masyarakat','2018-01-06 00:16:23','2018-01-06 00:16:23',22),
(113,'Meningkatnya Pelayanan, Perlindungan dan Jaminan Sosial bagi Masyarakat Miskin dan Korban Bencana Alam','2018-01-06 00:16:23','2018-01-06 00:16:23',14),
(114,'Meningkatnya Partisipasi Potensi Sumber Kesejahteraan Sosial (PSKS)','2018-01-06 00:16:23','2018-01-06 00:16:23',15),
(115,'Meningkatnya manajemen dan tata kelola pendidikan','2018-01-06 00:16:23','2018-01-06 00:16:23',28),
(116,'Meningkatnya akses dan mutu  layanan pendidikan','2018-01-06 00:16:23','2018-01-06 00:16:23',28),
(117,'Meningkatnya Penyebaran Informasi Pemda terhadap Masyarkat luas baik internal maupun eksternal Kabupaten melalui kerjasama dengang media massa baik media cetak, radio, televisi maupun media online','2018-01-06 00:16:23','2018-01-06 00:16:23',24),
(118,'Meningkatnya Penyelenggara Pemerintah Desa yang terlatih','2018-01-06 00:16:23','2018-01-06 00:16:23',37),
(119,'Meningkatnya Pengelolaan Administrasi Desa','2018-01-06 00:16:23','2018-01-06 00:16:23',37);

/*Table structure for table `satuan` */

DROP TABLE IF EXISTS `satuan`;

CREATE TABLE `satuan` (
  `id` int(10) unsigned NOT NULL AUTO_INCREMENT,
  `nama` varchar(255) COLLATE utf8_unicode_ci NOT NULL,
  `created_at` timestamp NULL DEFAULT NULL,
  `updated_at` timestamp NULL DEFAULT NULL,
  PRIMARY KEY (`id`)
) ENGINE=InnoDB AUTO_INCREMENT=182 DEFAULT CHARSET=utf8 COLLATE=utf8_unicode_ci;

/*Data for the table `satuan` */

insert  into `satuan`(`id`,`nama`,`created_at`,`updated_at`) values 
(1,'%','0000-00-00 00:00:00','0000-00-00 00:00:00'),
(2,'m2','0000-00-00 00:00:00','0000-00-00 00:00:00'),
(3,'Unit','0000-00-00 00:00:00','0000-00-00 00:00:00'),
(4,'Orang','0000-00-00 00:00:00','0000-00-00 00:00:00'),
(5,'Buah','0000-00-00 00:00:00','0000-00-00 00:00:00'),
(6,'Stel','0000-00-00 00:00:00','0000-00-00 00:00:00'),
(7,'Dokumen','0000-00-00 00:00:00','0000-00-00 00:00:00'),
(8,'Daerah Irigasi','0000-00-00 00:00:00','0000-00-00 00:00:00'),
(9,'Sg','0000-00-00 00:00:00','0000-00-00 00:00:00'),
(10,'Laporan','0000-00-00 00:00:00','0000-00-00 00:00:00'),
(11,'Km','0000-00-00 00:00:00','0000-00-00 00:00:00'),
(12,'KK','0000-00-00 00:00:00','0000-00-00 00:00:00'),
(13,'Desa','0000-00-00 00:00:00','0000-00-00 00:00:00'),
(14,'Kelompok','0000-00-00 00:00:00','0000-00-00 00:00:00'),
(15,'IMP','0000-00-00 00:00:00','0000-00-00 00:00:00'),
(16,'BKR','0000-00-00 00:00:00','0000-00-00 00:00:00'),
(17,'PPKKBD','0000-00-00 00:00:00','0000-00-00 00:00:00'),
(18,'PPKBD','0000-00-00 00:00:00','0000-00-00 00:00:00'),
(19,'UPPKS','0000-00-00 00:00:00','0000-00-00 00:00:00'),
(20,'Kegiatan','0000-00-00 00:00:00','0000-00-00 00:00:00'),
(21,'Data','0000-00-00 00:00:00','0000-00-00 00:00:00'),
(22,'Rekomendasi','0000-00-00 00:00:00','0000-00-00 00:00:00'),
(23,'Keluarga','0000-00-00 00:00:00','0000-00-00 00:00:00'),
(24,'Jiwa','0000-00-00 00:00:00','0000-00-00 00:00:00'),
(25,'Lembaga','0000-00-00 00:00:00','0000-00-00 00:00:00'),
(26,'Buku','0000-00-00 00:00:00','0000-00-00 00:00:00'),
(27,'Kecamatan','0000-00-00 00:00:00','0000-00-00 00:00:00'),
(28,'Regulasi','0000-00-00 00:00:00','0000-00-00 00:00:00'),
(29,'UPTD','0000-00-00 00:00:00','0000-00-00 00:00:00'),
(30,'Strata','0000-00-00 00:00:00','0000-00-00 00:00:00'),
(31,'Puskesmas','0000-00-00 00:00:00','0000-00-00 00:00:00'),
(32,'Sediaan darah ','0000-00-00 00:00:00','0000-00-00 00:00:00'),
(33,'Organisasi profesi ','0000-00-00 00:00:00','0000-00-00 00:00:00'),
(34,'Rumah Sakit ','0000-00-00 00:00:00','0000-00-00 00:00:00'),
(35,'Program','0000-00-00 00:00:00','0000-00-00 00:00:00'),
(36,'Kasus','0000-00-00 00:00:00','0000-00-00 00:00:00'),
(37,'FAD','0000-00-00 00:00:00','0000-00-00 00:00:00'),
(38,'SATGAS','0000-00-00 00:00:00','0000-00-00 00:00:00'),
(39,'Perusahaan','0000-00-00 00:00:00','0000-00-00 00:00:00'),
(40,'Hari','0000-00-00 00:00:00','0000-00-00 00:00:00'),
(41,'Set','0000-00-00 00:00:00','0000-00-00 00:00:00'),
(42,'Paket','0000-00-00 00:00:00','0000-00-00 00:00:00'),
(43,'Bulan','0000-00-00 00:00:00','0000-00-00 00:00:00'),
(44,'ob','0000-00-00 00:00:00','0000-00-00 00:00:00'),
(45,'Sekolah','0000-00-00 00:00:00','0000-00-00 00:00:00'),
(46,'Siswa','0000-00-00 00:00:00','0000-00-00 00:00:00'),
(47,'SD','0000-00-00 00:00:00','0000-00-00 00:00:00'),
(48,'eks','0000-00-00 00:00:00','0000-00-00 00:00:00'),
(49,'Lembar','0000-00-00 00:00:00','0000-00-00 00:00:00'),
(50,'Satuan Pendidikan','0000-00-00 00:00:00','0000-00-00 00:00:00'),
(51,'OJ','0000-00-00 00:00:00','0000-00-00 00:00:00'),
(52,'Lokal','0000-00-00 00:00:00','0000-00-00 00:00:00'),
(53,'SMA/SMK','0000-00-00 00:00:00','0000-00-00 00:00:00'),
(54,'Guru','0000-00-00 00:00:00','0000-00-00 00:00:00'),
(55,'Warga Belajar','0000-00-00 00:00:00','0000-00-00 00:00:00'),
(56,'Eksemplar','0000-00-00 00:00:00','0000-00-00 00:00:00'),
(57,'Peserta','0000-00-00 00:00:00','0000-00-00 00:00:00'),
(58,'Cabang Lomba','0000-00-00 00:00:00','0000-00-00 00:00:00'),
(59,'Mata Lomba','0000-00-00 00:00:00','0000-00-00 00:00:00'),
(60,'Kantor','0000-00-00 00:00:00','0000-00-00 00:00:00'),
(61,'Titik','0000-00-00 00:00:00','0000-00-00 00:00:00'),
(62,'M','0000-00-00 00:00:00','0000-00-00 00:00:00'),
(63,'Kelompok/Kop','0000-00-00 00:00:00','0000-00-00 00:00:00'),
(64,'Koperasi','0000-00-00 00:00:00','0000-00-00 00:00:00'),
(65,'Kali','0000-00-00 00:00:00','0000-00-00 00:00:00'),
(66,'Peng Koperasi','0000-00-00 00:00:00','0000-00-00 00:00:00'),
(67,'UMKM','0000-00-00 00:00:00','0000-00-00 00:00:00'),
(68,'Distributor','0000-00-00 00:00:00','0000-00-00 00:00:00'),
(69,'SIM','0000-00-00 00:00:00','0000-00-00 00:00:00'),
(70,'PU/Konsumen','0000-00-00 00:00:00','0000-00-00 00:00:00'),
(71,'Pos Polisi ','0000-00-00 00:00:00','0000-00-00 00:00:00'),
(72,'Pasar','0000-00-00 00:00:00','0000-00-00 00:00:00'),
(73,'pengaduan','0000-00-00 00:00:00','0000-00-00 00:00:00'),
(74,'Naskah MoU','0000-00-00 00:00:00','0000-00-00 00:00:00'),
(75,'Sungai','0000-00-00 00:00:00','0000-00-00 00:00:00'),
(76,'Izin','0000-00-00 00:00:00','0000-00-00 00:00:00'),
(77,'LOKASI','0000-00-00 00:00:00','0000-00-00 00:00:00'),
(78,'Tahun','0000-00-00 00:00:00','0000-00-00 00:00:00'),
(79,'Terminal','0000-00-00 00:00:00','0000-00-00 00:00:00'),
(80,'Halte','0000-00-00 00:00:00','0000-00-00 00:00:00'),
(81,'Item','0000-00-00 00:00:00','0000-00-00 00:00:00'),
(82,'Minggu','0000-00-00 00:00:00','0000-00-00 00:00:00'),
(83,'Operasi','0000-00-00 00:00:00','0000-00-00 00:00:00'),
(84,'Lintasan','0000-00-00 00:00:00','0000-00-00 00:00:00'),
(85,'Armada','0000-00-00 00:00:00','0000-00-00 00:00:00'),
(86,'RAPERDA','0000-00-00 00:00:00','0000-00-00 00:00:00'),
(87,'Menara','0000-00-00 00:00:00','0000-00-00 00:00:00'),
(88,'PD','0000-00-00 00:00:00','0000-00-00 00:00:00'),
(89,'Desa/Kelurahan','0000-00-00 00:00:00','0000-00-00 00:00:00'),
(90,'Server','0000-00-00 00:00:00','0000-00-00 00:00:00'),
(91,'Jenis','0000-00-00 00:00:00','0000-00-00 00:00:00'),
(92,'Meter','0000-00-00 00:00:00','0000-00-00 00:00:00'),
(93,'Media','0000-00-00 00:00:00','0000-00-00 00:00:00'),
(94,'Produk','0000-00-00 00:00:00','0000-00-00 00:00:00'),
(95,'OK','0000-00-00 00:00:00','0000-00-00 00:00:00'),
(96,'Rumah','0000-00-00 00:00:00','0000-00-00 00:00:00'),
(97,'kg','0000-00-00 00:00:00','0000-00-00 00:00:00'),
(98,'Ha','0000-00-00 00:00:00','0000-00-00 00:00:00'),
(99,'Ton','0000-00-00 00:00:00','0000-00-00 00:00:00'),
(100,'Kebun','0000-00-00 00:00:00','0000-00-00 00:00:00'),
(101,'m3','0000-00-00 00:00:00','0000-00-00 00:00:00'),
(102,'posyandu','0000-00-00 00:00:00','0000-00-00 00:00:00'),
(103,'Orang bumd/swasta','0000-00-00 00:00:00','0000-00-00 00:00:00'),
(104,'Box','0000-00-00 00:00:00','0000-00-00 00:00:00'),
(105,'Aplikasi Kearsipan JRA','0000-00-00 00:00:00','0000-00-00 00:00:00'),
(106,'Pemeliaraan/biaya hosting','0000-00-00 00:00:00','0000-00-00 00:00:00'),
(107,'Berkas','0000-00-00 00:00:00','0000-00-00 00:00:00'),
(108,'Lomba','0000-00-00 00:00:00','0000-00-00 00:00:00'),
(109,'PNS','0000-00-00 00:00:00','0000-00-00 00:00:00'),
(110,'Profil','0000-00-00 00:00:00','0000-00-00 00:00:00'),
(111,'Bidang Tanah','0000-00-00 00:00:00','0000-00-00 00:00:00'),
(112,'PERBUP','0000-00-00 00:00:00','0000-00-00 00:00:00'),
(113,'SKPD','0000-00-00 00:00:00','0000-00-00 00:00:00'),
(114,'Website','0000-00-00 00:00:00','0000-00-00 00:00:00'),
(115,'Database','0000-00-00 00:00:00','0000-00-00 00:00:00'),
(116,'Kendaraan','0000-00-00 00:00:00','0000-00-00 00:00:00'),
(117,'Permasalah','0000-00-00 00:00:00','0000-00-00 00:00:00'),
(118,'Rancangan','0000-00-00 00:00:00','0000-00-00 00:00:00'),
(119,'Event','0000-00-00 00:00:00','0000-00-00 00:00:00'),
(120,'Organisasi','0000-00-00 00:00:00','0000-00-00 00:00:00'),
(121,'Objek Wisata','0000-00-00 00:00:00','0000-00-00 00:00:00'),
(122,'ODTW','0000-00-00 00:00:00','0000-00-00 00:00:00'),
(123,'Festival','0000-00-00 00:00:00','0000-00-00 00:00:00'),
(124,'Sarana','0000-00-00 00:00:00','0000-00-00 00:00:00'),
(125,'kubik','0000-00-00 00:00:00','0000-00-00 00:00:00'),
(126,'LKPj','0000-00-00 00:00:00','0000-00-00 00:00:00'),
(127,'Perda/Perbup','0000-00-00 00:00:00','0000-00-00 00:00:00'),
(128,'PILAR','0000-00-00 00:00:00','0000-00-00 00:00:00'),
(129,'Wilayah','0000-00-00 00:00:00','0000-00-00 00:00:00'),
(130,'PERDA','0000-00-00 00:00:00','0000-00-00 00:00:00'),
(131,'Segmen','0000-00-00 00:00:00','0000-00-00 00:00:00'),
(132,'TPU','0000-00-00 00:00:00','0000-00-00 00:00:00'),
(133,'Sistem','0000-00-00 00:00:00','0000-00-00 00:00:00'),
(134,'Aplikasi Kearsipan JRA','0000-00-00 00:00:00','0000-00-00 00:00:00'),
(135,'Jumlah Obat','0000-00-00 00:00:00','0000-00-00 00:00:00'),
(136,'Lansia','0000-00-00 00:00:00','0000-00-00 00:00:00'),
(137,'SK','0000-00-00 00:00:00','0000-00-00 00:00:00'),
(138,'Bumil','0000-00-00 00:00:00','0000-00-00 00:00:00'),
(139,'Prosentase','0000-00-00 00:00:00','0000-00-00 00:00:00'),
(140,'Liter',NULL,NULL),
(141,'Ekor',NULL,NULL),
(142,'Pegawai',NULL,NULL),
(143,'Jam',NULL,NULL),
(144,'Km2',NULL,NULL),
(145,'Botol',NULL,NULL),
(146,'Dus',NULL,NULL),
(147,'Pasang',NULL,NULL),
(148,'RT',NULL,NULL),
(149,'RW',NULL,NULL),
(150,'Dusun',NULL,NULL),
(151,'Kampung',NULL,NULL),
(152,'Butir',NULL,NULL),
(153,'Lusin',NULL,NULL),
(154,'Rupiah','2018-01-20 08:21:29','2018-01-20 08:21:29'),
(155,'Pack','2018-01-20 11:31:38','2018-01-20 11:31:38'),
(156,'Pohon','2018-01-20 11:33:40','2018-01-20 11:33:40'),
(157,'formasi','2018-02-10 07:40:44','2018-02-10 07:40:44'),
(158,'acara','2018-02-10 09:44:39','2018-02-10 09:44:39'),
(159,'stek','2018-02-16 19:07:16','2018-02-16 19:07:16'),
(160,'Liter/Tepung','2018-02-16 19:12:57','2018-02-16 19:12:57'),
(161,'sambutan','2018-02-16 20:06:11','2018-02-16 20:06:11'),
(162,'Unit/Bangunan','2018-02-16 22:16:17','2018-02-16 22:16:17'),
(163,'Kecamatan/Desa','2018-02-17 10:50:35','2018-02-17 10:50:35'),
(164,'kolam','2018-02-17 11:50:31','2018-02-17 11:50:31'),
(165,'kios','2018-02-17 12:00:06','2018-02-17 12:00:06'),
(166,'piece','2018-02-17 12:09:12','2018-02-17 12:09:12'),
(167,'asuransi','2018-02-17 12:19:51','2018-02-17 12:19:51'),
(168,'pembudidaya','2018-02-17 12:37:36','2018-02-17 12:37:36'),
(169,'HSRT','2018-02-17 12:51:46','2018-02-17 12:51:46'),
(170,'PSRT','2018-02-17 12:51:55','2018-02-17 12:51:55'),
(171,'ikm','2018-02-17 14:56:52','2018-02-17 14:56:52'),
(172,'sentra','2018-02-17 15:04:43','2018-02-17 15:04:43'),
(173,'konten','2018-02-18 07:17:46','2018-02-18 07:17:46'),
(174,'sampel','2018-02-18 07:23:28','2018-02-18 07:23:28'),
(175,'situs','2018-02-18 21:17:48','2018-02-18 21:17:48'),
(176,'jarkomluhdes','2018-02-19 08:29:10','2018-02-19 08:29:10'),
(177,'kasepuhan adat','2018-02-19 08:37:51','2018-02-19 08:37:51'),
(178,'wajib pajak','2018-02-21 20:33:10','2018-02-21 20:33:10'),
(179,'Posluhdes','2018-02-22 09:46:30','2018-02-22 09:46:30'),
(180,'shift','2018-02-28 14:50:41','2018-02-28 14:50:41'),
(181,'surat','2018-03-03 16:25:58','2018-03-03 16:25:58');

/*Table structure for table `tujuan` */

DROP TABLE IF EXISTS `tujuan`;

CREATE TABLE `tujuan` (
  `id` int(10) unsigned NOT NULL AUTO_INCREMENT,
  `nama` varchar(255) COLLATE utf8_unicode_ci DEFAULT NULL,
  `created_at` timestamp NULL DEFAULT NULL,
  `updated_at` timestamp NULL DEFAULT NULL,
  `misi_id` int(10) unsigned NOT NULL,
  PRIMARY KEY (`id`),
  KEY `tujuan_misi_id_foreign` (`misi_id`),
  CONSTRAINT `tujuan_misi_id_foreign` FOREIGN KEY (`misi_id`) REFERENCES `misi` (`id`) ON DELETE CASCADE
) ENGINE=InnoDB AUTO_INCREMENT=39 DEFAULT CHARSET=utf8 COLLATE=utf8_unicode_ci;

/*Data for the table `tujuan` */

insert  into `tujuan`(`id`,`nama`,`created_at`,`updated_at`,`misi_id`) values 
(1,'Meningkatkan daya beli dan ketahanan pangan masyarakat  melalui pengembangan agribisnis dan lembaga keuangan pertanian','2018-01-06 00:16:22','2018-01-06 00:16:22',1),
(2,'Meningkatkan daya beli masyarakat melalui pengembangan minapolitan','2018-01-06 00:16:22','2018-01-06 00:16:22',1),
(3,'Meningkatkan kesempatan  dan produktivitas Kerja serta perluasan kesempatan usaha ','2018-01-06 00:16:22','2018-01-06 00:16:22',1),
(4,'Menciptakan iklim investasi yang kondusif serta mendorong pembangunan industri di berbagai sektor yang memiliki daya saing dan berwawasan lingkungan','2018-01-06 00:16:22','2018-01-06 00:16:22',1),
(6,'Meningkatkan kesejahteraan Masyarakat melalui pengembangan ekonomi masyarakat berbasis ekonomi lokal','2018-01-06 00:16:22','2018-01-06 00:16:22',1),
(7,'Meningkatkan Ketersediaan Kebutuhan Pokok Masyarakat dan Peningkatan Nilai Ekspor','2018-01-06 00:16:22','2018-01-06 00:16:22',1),
(8,'Meningkatkan kapasitas lembaga dan kemandirian usaha ekonomi mikro perdesaan','2018-01-06 00:16:22','2018-01-06 00:16:22',1),
(9,'Melestarikan dan mengembangkan budaya lokal','2018-01-06 00:16:22','2018-01-06 00:16:22',2),
(10,'Meningkatkan kualitas dan partisipasi pemuda dalam pembangunan','2018-01-06 00:16:22','2018-01-06 00:16:22',2),
(11,'Meningkatkan pembinaan dan prestasi olahraga','2018-01-06 00:16:22','2018-01-06 00:16:22',2),
(12,'Meningkatkan pemahaman, penghayatan, pengamalan, dan pengembangan nilai-nilai keagamaan','2018-01-06 00:16:22','2018-01-06 00:16:22',2),
(13,'Mewujudkan ketentraman dan ketertiban umum serta perlindungan masyarakat','2018-01-06 00:16:22','2018-01-06 00:16:22',2),
(14,'Meningkatkan penanganan dan kemandirian penyandang masalah kesejahteraan sosial (PMKS), Melestarikan Keperintisan, Kepahlawanan dan Kesetiakawanan Sosial','2018-01-06 00:16:22','2018-01-06 00:16:22',2),
(15,'Meningkatkan Partisipasi Potensi Sumber Kesejahteraan Sosial (PSKS)','2018-01-06 00:16:22','2018-01-06 00:16:22',2),
(16,'Meningkatkan perlindungan terhadap anak dan perempuan','2018-01-06 00:16:22','2018-01-06 00:16:22',2),
(17,'Mewujudkan Reformasi birokrasi menuju tata kelola pemerintahan yang bersih dan profesional','2018-01-06 00:16:22','2018-01-06 00:16:22',3),
(18,'Meningkatkan efektifitas pengelolaan keuangan dan aset daerah','2018-01-06 00:16:22','2018-01-06 00:16:22',3),
(19,'Meningkatkan  pelayanan administrasi kependudukan dan pencatatan sipil','2018-01-06 00:16:22','2018-01-06 00:16:22',3),
(20,'Mengoptimalkan pengelolaan administrasi pertanahan','2018-01-06 00:16:22','2018-01-06 00:16:22',3),
(21,'Membangun budaya partisipasi masyarakat dalam Pembangunan','2018-01-06 00:16:22','2018-01-06 00:16:22',3),
(22,'Meningkatkan tata kelola pemerintahan desa dan keberdayaan masyarakat perdesaan','2018-01-06 00:16:22','2018-01-06 00:16:22',3),
(23,'Mengentaskan desa sangat tertinggal dan tertinggal','2018-01-06 00:16:22','2018-01-06 00:16:22',3),
(24,'Pemanfaatan Teknologi Informasi dan Komunikasi dalam pelaksanaan Penyelenggaraan Pemerintahan Kabupaten Sukabumi  yang mendukung E-Goverment','2018-01-06 00:16:22','2018-01-06 00:16:22',3),
(25,'Meningkatkan Derajat Kesehatan Masyarakat','2018-01-06 00:16:22','2018-01-06 00:16:22',4),
(26,'Mengendalikan laju pertumbuhan penduduk dalam mewujudkan penduduk tumbuh seimbang dan berkualitas','2018-01-06 00:16:22','2018-01-06 00:16:22',4),
(27,'Meningkatkan budaya baca masyarakat','2018-01-06 00:16:22','2018-01-06 00:16:22',4),
(28,'Meningkatkan akses dan kualitas layanan pendidikan untuk menghasilkan SDM yang religius, mandiri dan berdaya saing','2018-01-06 00:16:22','2018-01-06 00:16:22',4),
(29,'mewujudkan penataan ruang yang terpadu dan berkelanjutan','2018-01-06 00:16:22','2018-01-06 00:16:22',4),
(30,'Mewujudkan pengelolaan lingkungan hidup berkelanjutan dan penanggulangan bencana yang handal','2018-01-06 00:16:22','2018-01-06 00:16:22',4),
(31,'Meningkatkan ketersediaan dan kualitas infrastruktur daerah yang mendukung perekonomian','2018-01-06 00:16:22','2018-01-06 00:16:22',4),
(32,'Pengendalian pencemaran dan kerusakan lingkungan hidup','2018-01-06 00:16:22','2018-01-06 00:16:22',4),
(33,'Meningkatkan Perlindungan, Rehabilitasi dan Konservasi Sumber Daya Alam','2018-01-06 00:16:22','2018-01-06 00:16:22',4),
(34,'Meningkatkan pengembangan pariwisata dan ekonomi masyarakat berbasis potensi lokal','2018-01-06 00:16:22','2018-01-06 00:16:22',1),
(35,'Pemanfaatan Teknologi Informasi dan Komunikasi dalam pelaksanaan Penyelenggaraan Pemerintahan Kabupaten Sukabumi  yang mendukung E-Goverment','2018-01-06 00:16:22','2018-01-06 00:16:22',3),
(36,'Pemanfaatan Teknologi Informasi dan Komunikasi dalam pelaksanaan Penyelenggaraan Pemerintahan Kabupaten Sukabumi  yang mendukung E-Goverment','2018-01-06 00:16:22','2018-01-06 00:16:22',3),
(37,'Meningkatkan Profesionalisme Aparatur Pemerintah Desa','2018-01-06 00:16:22','2018-01-06 00:16:22',3),
(38,'Meningkatkan Keberdayaan Masyarakat Pedesaan','2018-01-06 00:16:22','2018-01-06 00:16:22',3);

/*Table structure for table `urusan` */

DROP TABLE IF EXISTS `urusan`;

CREATE TABLE `urusan` (
  `id` int(10) unsigned NOT NULL AUTO_INCREMENT,
  `kode` varchar(2) COLLATE utf8_unicode_ci DEFAULT NULL,
  `nama` varchar(255) COLLATE utf8_unicode_ci DEFAULT NULL,
  `created_at` timestamp NULL DEFAULT NULL,
  `updated_at` timestamp NULL DEFAULT NULL,
  `visi_id` int(10) unsigned NOT NULL,
  PRIMARY KEY (`id`),
  KEY `urusan_visi_id_foreign` (`visi_id`),
  CONSTRAINT `urusan_visi_id_foreign` FOREIGN KEY (`visi_id`) REFERENCES `visi` (`id`) ON DELETE CASCADE
) ENGINE=InnoDB AUTO_INCREMENT=5 DEFAULT CHARSET=utf8 COLLATE=utf8_unicode_ci;

/*Data for the table `urusan` */

insert  into `urusan`(`id`,`kode`,`nama`,`created_at`,`updated_at`,`visi_id`) values 
(1,'1','WAJIB PELAYANAN DASAR','2018-01-06 00:16:22','2018-01-06 19:28:34',1),
(2,'2','WAJIB BUKAN PELAYANAN DASAR','2018-01-06 00:16:22','2018-01-06 00:16:22',1),
(3,'3','URUSAN PILIHAN','2018-01-06 00:16:22','2018-01-06 00:16:22',1),
(4,'4','URUSAN PEMERINTAHAN FUNGSI PENUNJANG','2018-01-06 00:16:22','2018-01-06 00:16:22',1);

/*Table structure for table `users` */

DROP TABLE IF EXISTS `users`;

CREATE TABLE `users` (
  `id` int(11) NOT NULL AUTO_INCREMENT,
  `username` varchar(50) NOT NULL,
  `password` text NOT NULL,
  `level_id` varchar(3) NOT NULL,
  `opd_id` varchar(3) NOT NULL,
  `status` varchar(1) NOT NULL,
  PRIMARY KEY (`id`)
) ENGINE=InnoDB AUTO_INCREMENT=88 DEFAULT CHARSET=latin1;

/*Data for the table `users` */

insert  into `users`(`id`,`username`,`password`,`level_id`,`opd_id`,`status`) values 
(1,'admin','1adbb3178591fd5bb0c248518f39bf6d','1','1','A'),
(2,'bappeda@mail.com\r\n','59f4c74bd8b29124efed9e0f3a52fab2','2','2','A'),
(3,'arsip@mail.com','f1286c8e6b48ce299c95e142ae081f1c','2','3','A'),
(4,'bpdb@mail.com','646a0728a7b706cfceb725a089185b0e','2','4','A'),
(5,'bpkad@mail.com','6e76587f68ad922cde918a357304bd09','2','5','A'),
(6,'damkar@mail.com','c8081d348f1eee220e10ffc21ba20d9a','2','6','A'),
(7,'dinaspu@mail.com','6b9d3ccc75395f107ba26b33c13d2685','2','7','A'),
(8,'dinkes@mail.com','8b12b4884a48f861ba4bc374bcc90cf2','2','8','A'),
(9,'dinsos@mail.com','b1e4ac5cb1566f9a577fc97e7112d913','2','9','A'),
(10,'disbudpora@mail.com','b84bc5b22e606ecefa319a3c65576b0e','2','10','A'),
(11,'disdik@mail.com','ba8b6705d57ee85c405c10b97a57daf5','2','11','A'),
(12,'disdukcapil@mail.com','3029ae9c69fa4c2aea3902b6a99682f7','2','12','A'),
(13,'dishub@mail.com','772e621bcc5f8fffed900e5685535a96','2','13','A'),
(14,'dislutkan@mail.com','9223b52772f7aba223aef39a56902e94','2','14','A'),
(15,'disnakertrans@mail.com\r\n','8f3be110df0c440746c2decbe15cd96d','2','15','A'),
(16,'disperkapsih@mail.com','2e2f972d5f46ab8794624becaa6f4fe4','2','16','A'),
(17,'dispertaru@mail.com','2c8224f5a12ba9580cdcbd716dd287e5','2','17','A'),
(18,'dpesdm@mail.com','a0cfd1586f8fd55255cc7a633e87a5f0','2','18','A'),
(19,'dpkukm@mail.com','655023a1fafd8810a65f51205bc338fb','2','19','A'),
(20,'dppkb@mail.com','bae79f5df41e9a2dd74b6ce87be199de','2','20','A'),
(21,'dpppa@mail.com','36ff40b72c36ffbe9bf04a4b790a88b8','2','21','A'),
(22,'inspektorat@mail.com','03205bf3e17fd3a6932a017c3d61c1c7','2','22','A'),
(23,'kepegawaian@mail.com','bec6ef8e7f4b0289b66b2473d7ad3ffa','2','23','A'),
(24,'kesbangpol@mail.com','60d931c3c8561ad6e4f967afb2e4e993','2','24','A'),
(25,'kominfo@mail.com','8348eb4cbdfc6a45caa886339c89ad5c','2','25','A'),
(27,'lingkunganhidup@mail.com','ebfd0e0c673b32762bda34d48abeeb58','2','26','A'),
(28,'masyarakatdesa@mail.com','96ce069a023d3bea8de6b718ded0e683','2','27','A'),
(29,'pangan@mail.com','3ba6279e52e01b32fe63583a907ec3f8','2','28','A'),
(30,'pariwisata@mail.com','71725d9df04362fcf9f569bf594261b8','2','29','A'),
(31,'pendapatan@mail.com','e1f8e9ff868b73e0160cea353599849b','2','30','A'),
(32,'perizinan@mail.com','41724de979fd55bc6aa511073b0910e4','2','31','A'),
(33,'pertanian@mail.com','c968b32f79cfe2c1072b474539e0d259','2','32','A'),
(34,'peternakan@mail.com','674ee66b8d080885ef8b6ffb02620b11','2','33','A'),
(35,'polpp@mail.com','fbd2be7c03e38b8e53e13ef8bdcd38b4','2','34','A'),
(36,'rspalabuhan@mail.com','0060c437a2f149f28b10d58de7c8ae3d','2','35','A'),
(37,'sekarwangi@mail.com','4e1cc757eabeaeaef98ff18ef0022ce3','2','36','A'),
(38,'sekredprd@mail.com','e05cc50fe9ff9b8c1df51d6db526a3c6','2','37','A'),
(39,'setda@mail.com','361cad2fac0bd1f7cd59b6694dd252a4','2','38','A'),
(40,'ciambar@mail.com','00a5543ca8f8fd273e1181ce206e95f9','2','39','A'),
(41,'cisaat@mail.com','3608a45cee586683f68cc4664bfd89dc','2','40','A'),
(42,'nagrak@mail.com','1fa0b390e9b67441a3843e9f0d318e5f','2','41','A'),
(43,'cidahu@mail.com','dd75da4bf7b3b5d4bf4fbc81aa223382','2','42','A'),
(44,'parungkuda@mail.com','ec2735540f4c5cc43798f128310f2228','2','43','A'),
(45,'kalibunder@mail.com','b09ce20889289e0b374e713541c6a9c9','2','44','A'),
(46,'tegalbuleud@mail.com','c18f47119966ba7552367a283d873edb','2','45','A'),
(47,'cicurug@mail.com','d9e75ce4aa48533ec09a909846a1c544','2','46','A'),
(48,'cidadap@mail.com','de97fef76d67c4796cc9cf10313a239e','2','47','A'),
(49,'jampangtengah@mail.com','e4bf6f7348eb5c866243f6268ddaf5a8','2','48','A'),
(50,'bantargadung@mail.com','f9a9a51b1d8c59252d7aace3917a9eca','2','49','A'),
(51,'warungkiara@mail.com','7e28c0a4cdf9650fa169452cda87f97e','2','50','A'),
(52,'pabuaran@mail.com','ba014e179e9e36e6bf6c33377f2dd114','2','51','A'),
(53,'cibitung@mail.com','245f40988e73dcf3f651cacf5e0d93fe','2','52','A'),
(54,'cibadak@mail.com','2bd3f5127e672e54711c6a0a2f449bfd','2','53','A'),
(55,'cireunghas@mail.com','d9203cdb649aef14444a8d6589d3770b','2','54','A'),
(56,'bojonggenteng@mail.com','a43193e2a35c8f6ff5fca0eb96fa4566','2','55','A'),
(57,'cikembar@mail.com','9491d004a30ad262bc21422e0469a9e0','2','56','A'),
(58,'jampangkulon@mail.com','43b33e02100bbe27ee7321e00a056b20','2','57','A'),
(59,'curugkembar@mail.com','da8e5362338867f35ebf1b99dea4abdf','2','58','A'),
(60,'parakansalak@mail.com','2288f7f7fc883ae3894d279529d549ad','2','59','A'),
(61,'nyalindung@mail.com','eb9572e2f77d99102b5f077190fd412c','2','60','A'),
(62,'kebonpedes@mail.com','50e49325f53a9bacd3812e1e687dc320','2','61','A'),
(63,'cimanggu@mail.com','1447c78ff445d24431c44d87fe3ab0fe','2','62','A'),
(64,'cikidang@mail.com','e2ce265a3ef2267dfa035251bb2dcf8d','2','63','A'),
(65,'surade@mail.com','915daadcbe27a11f0f0bb95d105ba2ef','2','64','A'),
(66,'palabuhanratu@mail.com','036c650a5663a2b3bdf6c95276bf61be','2','65','A'),
(67,'gegerbitung@mail.com','e796ad90fb73841d9e4a8fcdfbf997d9','2','66','A'),
(68,'cisolok@mail.com','c286fae594038e26176da699ed256719','2','67','A'),
(69,'caringin@mail.com','b9672bbf634706082411ad20d2c662e7','2','68','A'),
(70,'waluran@mail.com','48382f8115f12253b9b48afef46e401f','2','69','A'),
(71,'kabandungan@mail.com','00e69f78d8cb79d6dc658ababe48a525','2','70','A'),
(72,'sagaranten@mail.com','f16ca1ee9fcee3f414bc9460f4a04a23','2','71','A'),
(73,'ciemas@mail.com','8dae5215e46e7e6b9bc45f6fce842f56','2','72','A'),
(74,'gunungguruh@mail.com','f331aef2ccf32b5c7c4f590a8cc005ce','2','73','A'),
(75,'simpenan@mail.com','fc32a277bd9dcaf473ab215f9c2a3353','2','74','A'),
(76,'cicantayan@mail.com','189e12676302b6d8b937d3210ef5a541','2','75','A'),
(77,'purabaya@mail.com','515816a05d107388bd8071cb58ac1388','2','76','A'),
(78,'cidolog@mail.com','5485c5608be45c811ecbffa99154cceb','2','77','A'),
(79,'kadudampit@mail.com','c6cc2fed5e2808bcfb34687956e197e7','2','78','A'),
(80,'cikakak@mail.com','30067896d88af179fd3535de2f4537e4','2','79','A'),
(81,'ciracap@mail.com','a078d0c078f2c1ad04423b8a347b95ae','2','80','A'),
(82,'lengkong@mail.com','8cd0cbe0b339097e0872216cff1bcd9c','2','81','A'),
(83,'sukalarang@mail.com','492b11436757a8ac453c2d0be8489507','2','82','A'),
(84,'sukaraja@mail.com','5c99c821a1f87538757fa9ab88368a8b','2','83','A'),
(85,'kalapanunggal@mail.com','cf15742b6243651a0ed07f0210fa35bc','2','84','A'),
(86,'sukabumi@mail.com','78aafc31bb9974ae99f7186d80f2d67a','2','85','A'),
(87,'warungkiara@mail.com','1a01266d7649a1a801a270c4627c12be','2','86','A');

/*Table structure for table `visi` */

DROP TABLE IF EXISTS `visi`;

CREATE TABLE `visi` (
  `id` int(10) unsigned NOT NULL AUTO_INCREMENT,
  `nama` varchar(255) COLLATE utf8_unicode_ci NOT NULL,
  `mulai` year(4) NOT NULL,
  `selesai` year(4) NOT NULL,
  `status` smallint(6) DEFAULT NULL,
  `created_at` timestamp NULL DEFAULT NULL,
  `updated_at` timestamp NULL DEFAULT NULL,
  PRIMARY KEY (`id`),
  UNIQUE KEY `visi_nama_unique` (`nama`),
  UNIQUE KEY `visi_mulai_unique` (`mulai`),
  UNIQUE KEY `visi_selesai_unique` (`selesai`)
) ENGINE=InnoDB AUTO_INCREMENT=2 DEFAULT CHARSET=utf8 COLLATE=utf8_unicode_ci;

/*Data for the table `visi` */

insert  into `visi`(`id`,`nama`,`mulai`,`selesai`,`status`,`created_at`,`updated_at`) values 
(1,'Terwujudnya Kabupaten Sukabumi yang Religius dan Mandiri',2016,2021,1,'2018-01-06 00:16:21','2018-01-06 00:16:21');

/*!40101 SET SQL_MODE=@OLD_SQL_MODE */;
/*!40014 SET FOREIGN_KEY_CHECKS=@OLD_FOREIGN_KEY_CHECKS */;
/*!40014 SET UNIQUE_CHECKS=@OLD_UNIQUE_CHECKS */;
/*!40111 SET SQL_NOTES=@OLD_SQL_NOTES */;
